[sec],Mean,[sec],Mean,[sec],Mean,[sec],Mean,X,Y,X,Y
0,12248.464,0,15040.208,0,18294.596,0,11820.716,0,20748.404,0,15185.361
0.946,12219.347,0.945,15042.754,0.946,18341.629,0.945,11794.858,0.946,21228.758,0.946,15160.247
1.891,12234.821,1.89,15038.148,1.891,18336.49,1.89,11797.285,1.891,21107.145,1.891,15261.5
2.837,12192.461,2.836,15021.333,2.837,18284.594,2.835,11802.243,2.837,20985.395,2.837,15362.708
3.782,12189.556,3.781,15042.752,3.782,18307.24,3.78,11774.255,3.782,20937.914,3.782,15414.628
4.728,12181.915,4.726,15041.516,4.728,18275.531,4.725,11756.719,4.728,21028.658,4.728,15213.945
5.673,12153.644,5.671,15048.037,5.673,18250.297,5.671,11804.17,5.673,21339.711,5.673,15264.189
6.619,12176.264,6.616,15059.124,6.619,18368.279,6.616,11768.016,6.619,20861.514,6.619,15381.828
7.564,12171.906,7.561,15067.124,7.564,18271.723,7.561,11771.584,7.564,20911.449,7.564,15409.72
8.51,12113.069,8.507,15065.573,8.51,18258.66,8.506,11799.68,8.51,20971.604,8.51,15297.085
9.456,12132.798,9.452,15056.461,9.456,18203.711,9.451,11820.745,9.456,21097.107,9.456,15396.525
10.401,12134.091,10.397,15056.529,10.401,18245.219,10.396,11806.853,10.401,21059.121,10.401,15354.956
11.347,12150.841,11.342,15068.896,11.347,18223.316,11.341,11792.881,11.347,20868.02,11.347,15521.551
12.292,12123.361,12.287,15029.506,12.292,18129.992,12.286,11791.572,12.292,20961.887,12.292,15613.891
13.238,12104.457,13.232,15070.231,13.238,18261.02,13.231,11828.851,13.238,21073.473,13.238,15507.007
14.183,12090.473,14.178,15072.942,14.183,18232.375,14.176,11809.644,14.183,20662.998,14.183,15362.852
15.129,12118.381,15.123,15068.156,15.129,18171.092,15.122,11821.092,15.129,21018.525,15.129,15302.773
16.075,12115.854,16.068,15050.801,16.075,18207.088,16.067,11808.109,16.075,20720.662,16.075,15460.008
17.02,12105.583,17.013,15084.295,17.02,18220.564,17.012,11815.007,17.02,21091.443,17.02,15510.961
17.966,12116.831,17.958,15057.364,17.966,18176.93,17.957,11787.662,17.966,20895.816,17.966,15703.026
18.911,12083.545,18.903,15082.924,18.911,18193.738,18.902,11772.428,18.911,21019.596,18.911,15425.704
19.857,12113.476,19.849,15070.232,19.857,18162.396,19.847,11760.325,19.857,20998.064,19.857,15400.704
20.802,12114.349,20.794,15061.138,20.802,18234.219,20.792,11770.886,20.802,20921.15,20.802,15480.323
21.748,12080.072,21.739,15058.526,21.748,18186.266,21.737,11752.074,21.748,20818.006,21.748,15553.707
22.693,12076.051,22.684,15046.454,22.693,18247.668,22.682,11751.106,22.693,20764.877,22.693,15447.623
23.639,12095.149,23.629,15058.034,23.639,18169.893,23.627,11772.88,23.639,20962.846,23.639,15566.498
24.585,12075.586,24.574,15029.32,24.585,18184.834,24.572,11764.509,24.585,20658.387,24.585,15488.932
25.53,12053.041,25.52,15052.279,25.53,18205.592,25.518,11752.351,25.53,20730.816,25.53,15486.41
26.476,12047.008,26.465,15033.382,26.476,18162.867,26.463,11758.673,26.476,20684.365,26.476,15312.399
27.421,12097.592,27.41,15056.667,27.421,18161.834,27.408,11769.411,27.421,20822.834,27.421,15428.247
28.367,12075.109,28.355,15086.886,28.367,18168.992,28.353,11773.064,28.367,20539.521,28.367,15540.022
29.312,12055.938,29.3,15050.778,29.312,18181.365,29.298,11783.875,29.312,20775.289,29.312,15570.702
30.258,12063.947,30.245,15056.49,30.258,18258.643,30.243,11765.649,30.258,20523.156,30.258,15566.897
31.204,12051.497,31.191,15090.862,31.204,18235.24,31.188,11761.511,31.204,20778.869,31.204,15520.801
32.149,12034.377,32.136,15077.051,32.149,18150.346,32.133,11754.951,32.149,20604.936,32.149,15598.256
33.095,12089.773,33.081,15035.049,33.095,18172.586,33.078,11746.247,33.095,20886.525,33.095,15450.568
34.04,12046.878,34.026,15067.471,34.04,18129.303,34.023,11761.212,34.04,20609.09,34.04,15804.68
34.986,12026.616,34.971,15058.508,34.986,18127.488,34.969,11752.729,34.986,21108.232,34.986,15569.812
35.931,12019.475,35.916,15055.925,35.931,18154.008,35.914,11743.397,35.931,20883.115,35.931,15575.168
36.877,12045.097,36.862,15077.954,36.877,18191.426,36.859,11788.141,36.877,20464.934,36.877,15606.286
37.822,11993.978,37.807,15050.04,37.822,18151.488,37.804,11757.543,37.822,20476.611,37.822,15606.29
38.768,12014.656,38.752,15032.123,38.768,18157.453,38.749,11745.467,38.768,20711.982,38.768,15600.63
39.714,12020.891,39.697,15041.044,39.714,18145.936,39.694,11757.895,39.714,20468.977,39.714,15753.176
40.659,11971.444,40.642,15078.424,40.659,18160.459,40.639,11750.053,40.659,20521.703,40.659,15590.332
41.605,11998.098,41.587,15042.71,41.605,18126.896,41.584,11756.623,41.605,20733.137,41.605,15475.191
42.55,11984.162,42.533,15062.293,42.55,18185.262,42.529,11712.484,42.55,20561.682,42.55,15474.207
43.496,12000.267,43.478,15028.864,43.496,18157.041,43.474,11723.896,43.496,20397.826,43.496,15631.021
44.441,11990.255,44.423,15075.057,44.441,18130.422,44.419,11761.298,44.441,20551.236,44.441,15492.051
45.387,11976.421,45.368,15037.801,45.387,18111.537,45.365,11737.808,45.387,20558.598,45.387,15440.82
46.333,11962.709,46.313,15050.74,46.333,18112.07,46.31,11742.517,46.333,20532.521,46.333,15554.337
47.278,11949.093,47.259,15033.909,47.278,18125.926,47.255,11746.818,47.278,20404.002,47.278,15448.801
48.224,11926.551,48.204,15031.881,48.224,18109.18,48.2,11752.315,48.224,20454.773,48.224,15672.076
49.169,11947.562,49.149,15048.735,49.169,18169.248,49.145,11732.549,49.169,20548.795,49.169,15477.493
50.115,12004.364,50.094,15057.248,50.115,18166.641,50.09,11727.178,50.115,20364.734,50.115,15627.146
51.06,11938.259,51.039,15036.808,51.06,18084.398,51.035,11726.609,51.06,20522.193,51.06,15525.589
52.006,11970.2,51.984,15031.174,52.006,18161.17,51.98,11740.785,52.006,20442.953,52.006,15519.677
52.951,11967.807,52.93,15070.898,52.951,18147.582,52.925,11722.611,52.951,20545.617,52.951,15591.824
53.897,11992.165,53.875,15042.151,53.897,18138.531,53.87,11744.149,53.897,20494.861,53.897,15570.143
54.843,11947.873,54.82,15073.971,54.843,18160.619,54.816,11691.65,54.843,20536.773,54.843,15485.372
55.788,11974.281,55.765,15055.107,55.788,18144.506,55.761,11709.231,55.788,20250.234,55.788,15590.307
56.734,11928.76,56.71,15043.161,56.734,18142.785,56.706,11709.063,56.734,20339.064,56.734,15490.057
57.679,11908.742,57.655,15020.506,57.679,18137.125,57.651,11702.32,57.679,20548.041,57.679,15642.126
58.625,11889.594,58.601,15010.214,58.625,18184.264,58.596,11698.711,58.625,20396.51,58.625,15357.445
59.57,11920.605,59.546,15036.853,59.57,18204.564,59.541,11702.719,59.57,20319.682,59.57,15542.82
60.516,11938.753,60.491,15022.116,60.516,18134.82,60.486,11684.975,60.516,20152.086,60.516,15359.975
61.462,11896.347,61.436,15031.477,61.462,18096.762,61.431,11708.228,61.462,20279.953,61.462,15425.594
62.407,11927.146,62.381,15014.568,62.407,18100.031,62.376,11665.963,62.407,20253.869,62.407,15462.59
63.353,11937.735,63.326,15029.98,63.353,18125.447,63.321,11674.672,63.353,20147.402,63.353,15495.398
64.298,11915.214,64.272,15036.047,64.298,18119.955,64.267,11706.085,64.298,20605.461,64.298,15474.412
65.244,11901.458,65.217,15019.322,65.244,18168.111,65.212,11707.496,65.244,20308.145,65.244,15562.877
66.189,11880.508,66.162,15005.459,66.189,18197.744,66.157,11689.76,66.189,20364.961,66.189,15649.855
67.135,11913.56,67.107,15015.616,67.135,18173.193,67.102,11680.458,67.135,20544.23,67.135,15343.447
68.08,11903.971,68.052,15008.673,68.08,18147.248,68.047,11667.464,68.08,20354.502,68.08,15490.805
69.026,11908.176,68.997,15028.819,69.026,18196.578,68.992,11678.508,69.026,20299.549,69.026,15495.852
69.972,11884.182,69.943,15036.523,69.972,18148.717,69.937,11700.784,69.972,20261.486,69.972,15365.596
70.917,11861.904,70.888,15029.829,70.917,18186.926,70.882,11664.335,70.917,20104.209,70.917,15495.032
71.863,11842.463,71.833,15029.155,71.863,18152.176,71.827,11704.073,71.863,20197.305,71.863,15566.209
72.808,11816.639,72.778,15058.807,72.808,18099.781,72.772,11646.438,72.808,20323.777,72.808,15376.723
73.754,11816.101,73.723,15056.803,73.754,18155.242,73.717,11671.219,73.754,20208.986,73.754,15427.872
74.699,11827.203,74.668,15044.093,74.699,18131.953,74.663,11671.696,74.699,20139.791,74.699,15580.921
75.645,11874.988,75.614,15061.276,75.645,18176.609,75.608,11643.301,75.645,20299.115,75.645,15272.949
76.59,11824.999,76.559,15057.185,76.59,18117.551,76.553,11633.49,76.59,20331.008,76.59,15414.11
77.536,11853.599,77.504,15035.465,77.536,18166.84,77.498,11634.463,77.536,20173.225,77.536,15338.543
78.482,11792.004,78.449,15007.66,78.482,18165.51,78.443,11614.595,78.482,20214.648,78.482,15487.668
79.427,11826.558,79.394,15026.854,79.427,18097.629,79.388,11628.153,79.427,20108.652,79.427,15486.393
80.373,11829.74,80.339,15041.03,80.373,18124.402,80.333,11641.343,80.373,20395.877,80.373,15402.855
81.318,11817.446,81.285,15034.682,81.318,18122.227,81.278,11611.983,81.318,20170.859,81.318,15538.456
82.264,11812.602,82.23,15032.862,82.264,18088.375,82.223,11628.472,82.264,20013.99,82.264,15285.139
83.209,11765.568,83.175,15044.66,83.209,18144.678,83.168,11662.484,83.209,20048.232,83.209,15322.831
84.155,11793.251,84.12,15018.09,84.155,18120.555,84.114,11623.604,84.155,20145.473,84.155,15364.96
85.101,11764.848,85.065,15039.823,85.101,18177.502,85.059,11637.149,85.101,19996.383,85.101,15097.142
86.046,11794.48,86.01,15037.304,86.046,18113.953,86.004,11644.938,86.046,20066.906,86.046,15437.771
86.992,11764.903,86.956,15010.75,86.992,18019.498,86.949,11637.136,86.992,20144.582,86.992,15332.574
87.937,11742.465,87.901,15010.632,87.937,18096.549,87.894,11638.602,87.937,19694.768,87.937,15420.747
88.883,11773.33,88.846,15015.312,88.883,18112.602,88.839,11638.107,88.883,20005.818,88.883,15200.318
89.828,11792.44,89.791,15030.585,89.828,18080.123,89.784,11657.206,89.828,20167.215,89.828,15170.38
90.774,11767.625,90.736,15022.962,90.774,18062.145,90.729,11648.14,90.774,19917.996,90.774,15249.92
91.719,11735.569,91.682,14998.963,91.719,18055.711,91.674,11640.359,91.719,19929.822,91.719,15272.272
92.665,11747.335,92.627,15013.687,92.665,18040.348,92.619,11638.892,92.665,19977.203,92.665,15154.83
93.611,11757.457,93.572,15005.266,93.611,18059.512,93.564,11629.08,93.611,20234.451,93.611,15052.92
94.556,11765.358,94.517,15024.105,94.556,18085.346,94.51,11628.347,94.556,19883.635,94.556,15181.582
95.502,11766.031,95.462,15005.946,95.502,18057.246,95.455,11642.938,95.502,19737.311,95.502,15130.644
96.447,11745.943,96.407,15004.192,96.447,18152.164,96.4,11616.606,96.447,20098.191,96.447,15254.423
97.393,11715.798,97.353,15006.442,97.393,18141.934,97.345,11622.705,97.393,19915.586,97.393,15105.604
98.338,11718.372,98.298,14996.039,98.338,18128.887,98.29,11625.688,98.338,20033.248,98.338,15088.229
99.284,11730.914,99.243,14945.105,99.284,18102.527,99.235,11625.277,99.284,19619.936,99.284,15034.593
100.23,11715.852,100.188,14985.72,100.23,18054.76,100.18,11654.781,100.23,19825.305,100.23,15158.481
101.175,11748.73,101.133,14986.921,101.175,18097.512,101.125,11607.434,101.175,19896.066,101.175,14991.22
102.121,11692.429,102.078,14968.236,102.121,18110.787,102.07,11633.494,102.121,20003.088,102.121,15053.641
103.066,11717.753,103.024,14996.411,103.066,18118.197,103.015,11624.039,103.066,19825.117,103.066,14932.317
104.012,11725.279,103.969,15003.813,104.012,18090.172,103.961,11603.89,104.012,19715.23,104.012,15014.59
104.957,11688.093,104.914,14974.16,104.957,18114.6,104.906,11633.396,104.957,19772.529,104.957,14993.68
105.903,11699.862,105.859,14962.491,105.903,18119.09,105.851,11602.572,105.903,19967.574,105.903,14986.897
106.848,11689.583,106.804,14989.449,106.848,18092.268,106.796,11617.271,106.848,19501.682,106.848,14981.636
107.794,11714.853,107.749,14985.773,107.794,18105.379,107.741,11607.462,107.794,19863.021,107.794,14880.46
108.74,11721.897,108.695,14969.431,108.74,18105.576,108.686,11597.648,108.74,19747.709,108.74,14895.742
109.685,11685.195,109.64,14972.653,109.685,18139.172,109.631,11609.384,109.685,19627.066,109.685,14826.951
110.631,11671.906,110.585,14978.271,110.631,18073.262,110.576,11615.534,110.631,19761.094,110.631,14871.483
111.576,11676.664,111.53,14986.155,111.576,18052.33,111.521,11577.61,111.576,19488.82,111.576,14807.211
112.522,11658.457,112.475,14978.825,112.522,18083.344,112.466,11585.635,112.522,19939.773,112.522,15154.061
113.467,11703.09,113.42,14988.577,113.467,18069.637,113.411,11577.396,113.467,19711.422,113.467,14986.649
114.413,11695.637,114.366,14962.817,114.413,18055.211,114.357,11589.508,114.413,19638.098,114.413,14987.672
115.359,11664.363,115.311,14965.835,115.359,18038.217,115.302,11586.132,115.359,19652.043,115.359,14877.539
116.304,11688.666,116.256,14972.471,116.304,18036.156,116.247,11595.277,116.304,19588.176,116.304,14882.443
117.25,11686.211,117.201,14977.604,117.25,18026.953,117.192,11564.239,117.25,19630.426,117.25,14686.498
118.195,11646.017,118.146,14965.967,118.195,18010.797,118.137,11571.811,118.195,19946.586,118.195,14820.3
119.141,11646.887,119.091,14961.844,119.141,18032.184,119.082,11567.719,119.141,19813.248,119.141,14779.568
120.086,11673.2,120.037,14955.669,120.086,18025.584,120.027,11563.938,120.086,19597.883,120.086,14692.384
121.032,11618.765,120.982,14975.331,121.032,18033.73,120.972,11554.622,121.032,19839.26,121.032,14874.172
121.977,11624.338,121.927,14979.476,121.977,18003.262,121.917,11561.103,121.977,19737.613,121.977,14827.773
122.923,11681.812,122.872,14961.825,122.923,18013.918,122.862,11542.521,122.923,19731.1,122.923,14698.855
123.869,11650.126,123.817,14951.579,123.869,17984.816,123.808,11566.486,123.869,19334.312,123.869,14637.563
124.814,11610.049,124.762,14958.304,124.814,18018.529,124.753,11568.645,124.814,19720.066,124.814,14771.616
125.76,11656.935,125.708,14991.822,125.76,17988.006,125.698,11565.321,125.76,19711.877,125.76,14701.749
126.705,11609.46,126.653,14998.02,126.705,17968.244,126.643,11577.928,126.705,19473.387,126.705,14612.244
127.651,11642.112,127.598,14959.146,127.651,18038,127.588,11558.037,127.651,19787.689,127.651,14662.922
128.596,11633.281,128.543,14954.36,128.596,18010.855,128.533,11568.231,128.596,19807,128.596,14680.412
129.542,11653.825,129.488,14964.922,129.542,17994.236,129.478,11554.354,129.542,19679.43,129.542,14633.924
130.488,11601.432,130.433,14983.484,130.488,18011.793,130.423,11569.688,130.488,19590.078,130.488,14564.658
131.433,11584.042,131.379,14998.673,131.433,17998.715,131.368,11568.587,131.433,19880.881,131.433,14646.978
132.379,11619.258,132.324,14973.818,132.379,18002.322,132.313,11540.035,132.379,19981.039,132.379,14772.921
133.324,11633.876,133.269,14959.384,133.324,18027.82,133.258,11550.639,133.324,19608.924,133.324,14770.347
134.27,11585.464,134.214,14959.989,134.27,17975.248,134.204,11541.644,134.27,19552.994,134.27,14712.695
135.215,11573.142,135.159,14987.645,135.215,18014.371,135.149,11570.125,135.215,19440.436,135.215,14582.454
136.161,11631.112,136.105,14977.069,136.161,17993.793,136.094,11533.945,136.161,19763.994,136.161,14576.67
137.106,11666.354,137.05,14967.535,137.106,18037.975,137.039,11513.479,137.106,19481.449,137.106,14572.021
138.052,11660.769,137.995,14987.652,138.052,18015.486,137.984,11523.684,138.052,19616.713,138.052,14613.4
138.998,11637.683,138.94,14969.747,138.998,18011.5,138.929,11518.512,138.998,19657.629,138.998,14700.292
139.943,11681.667,139.885,14998.631,139.943,17979.633,139.874,11515.067,139.943,19480.531,139.943,14526.524
140.889,11662.081,140.83,14958.303,140.889,17995.684,140.819,11537.807,140.889,19530.322,140.889,14560.634
141.834,11658.036,141.776,15020.49,141.834,18006.959,141.764,11514.087,141.834,19566.689,141.834,14571.606
142.78,11701.126,142.721,15012.707,142.78,18024.496,142.709,11501.666,142.78,19338.461,142.78,14752.861
143.725,11632.969,143.666,14961.56,143.725,17992.543,143.655,11522.087,143.725,19548.422,143.725,14657.337
144.671,11658.901,144.611,14987.035,144.671,17986.594,144.6,11495.528,144.671,19441.9,144.671,14621.197
145.617,11672.301,145.556,14976.816,145.617,17925.514,145.545,11495.089,145.616,19458.865,145.616,14598.421
146.562,11654.287,146.501,14983.163,146.562,17971.473,146.49,11506.146,146.562,19305.889,146.562,14644.152
147.508,11673.069,147.447,14969.219,147.508,18019.377,147.435,11490.839,147.508,19399.99,147.508,14622.629
148.453,11632.349,148.392,14970.938,148.453,17977.416,148.38,11498.691,148.453,19580.752,148.453,14490.036
149.399,11632.843,149.337,14962.087,149.399,17927.41,149.325,11496.3,149.399,19279.799,149.399,14545.414
150.344,11649.434,150.282,15002.102,150.344,17934.098,150.27,11495.543,150.344,19372.896,150.344,14688.333
151.29,11629.759,151.227,14975.659,151.29,17967.93,151.215,11480.451,151.29,19277.133,151.29,14479.799
152.235,11623.551,152.172,14985.214,152.235,17990.947,152.16,11484.808,152.235,19268.729,152.235,14511.129
153.181,11621.146,153.118,14979.589,153.181,17978.119,153.105,11467.721,153.181,19403.746,153.181,14536.021
154.127,11642.709,154.063,14948.929,154.127,17987.654,154.051,11463.86,154.127,19292.588,154.127,14560.302
155.072,11594.498,155.008,14995.51,155.072,17942.65,154.996,11458.794,155.072,19245.703,155.072,14442.721
156.018,11604.175,155.953,14998.281,156.018,17986.201,155.941,11463.598,156.018,19633.896,156.018,14436.906
156.963,11605.517,156.898,14989.129,156.963,17941.77,156.886,11458.459,156.963,19466.666,156.963,14421.156
157.909,11596.315,157.843,14962.122,157.909,17995.305,157.831,11452.048,157.909,19415.627,157.909,14433.41
158.854,11528.334,158.789,14973.212,158.854,17991.889,158.776,11446.643,158.854,19381.219,158.854,14563.253
159.8,11595.869,159.734,14961.523,159.8,18018.688,159.721,11448.649,159.8,19219.854,159.8,14439.808
160.745,11586.68,160.679,14932.412,160.745,17992.979,160.666,11444.147,160.745,19450.867,160.745,14418.403
161.691,11625.367,161.624,14969.264,161.691,18006.705,161.611,11454.002,161.691,19560.098,161.691,14368.875
162.637,11621.944,162.569,14952.681,162.637,18020.945,162.556,11457.161,162.637,19203.012,162.637,14314.251
163.582,11616.93,163.514,14968.112,163.582,18014.092,163.502,11417.64,163.582,19455.727,163.582,14408.044
164.528,11582.288,164.46,14952.244,164.528,17996.738,164.447,11430.869,164.528,19324.238,164.528,14463.341
165.473,11589.783,165.405,14955.847,165.473,17984.049,165.392,11432.376,165.473,19209.391,165.473,14360.451
166.419,11589.596,166.35,14931.828,166.419,17999.176,166.337,11419.451,166.419,19205.682,166.419,14221.404
167.364,11535.263,167.295,14965.308,167.364,17987.707,167.282,11421.159,167.364,19256.488,167.364,14373.213
168.31,11523.916,168.24,14951.433,168.31,17975.777,168.227,11416.826,168.31,19424.162,168.31,14206.149
169.256,11582.558,169.185,14959.261,169.256,17975.619,169.172,11423.449,169.256,19074.889,169.256,14146.158
170.201,11567.548,170.131,14974.461,170.201,17969.443,170.117,11437.366,170.201,19169.32,170.201,14352.325
171.147,11552.441,171.076,14965.746,171.147,18007.158,171.062,11463.241,171.147,19370.164,171.147,14121.768
172.092,11552.714,172.021,14944.901,172.092,18033.273,172.007,11444.084,172.092,19278.443,172.092,14159.772
173.038,11537.645,172.966,14976.193,173.038,17980.049,172.952,11433.227,173.038,19242.232,173.038,14125.372
173.983,11584.434,173.911,14971.4,173.983,17946.117,173.898,11425.017,173.983,19234.326,173.983,14112.097
174.929,11586.846,174.856,14972.881,174.929,18017.025,174.843,11397.743,174.929,19203.814,174.929,14042.165
175.874,11514.486,175.802,14945.244,175.874,17974.93,175.788,11429.241,175.874,19201.92,175.874,14001.605
176.82,11553.226,176.747,14956.274,176.82,17986.852,176.733,11397.765,176.82,19067.889,176.82,14064.683
177.766,11525.079,177.692,14943.241,177.766,17960.559,177.678,11410.575,177.766,19139.848,177.766,14003.651
178.711,11537.671,178.637,14958.991,178.711,17962.818,178.623,11418.27,178.711,18932.26,178.711,14176.807
179.657,11543.789,179.582,14946.184,179.657,17953.689,179.568,11407.37,179.657,18961.211,179.657,13884.309
180.602,11524.873,180.527,14952.099,180.602,17997.281,180.513,11393.031,180.602,19411.008,180.602,14069.498
181.548,11500.001,181.473,14962.548,181.548,17967.256,181.458,11414.965,181.548,19134.797,181.548,14000.287
182.493,11468.903,182.418,14963.894,182.493,17924.422,182.403,11400.149,182.493,18969.234,182.493,13960.267
183.439,11514.284,183.363,14936.869,183.439,17944.447,183.349,11401.346,183.439,19202.75,183.439,13799.312
184.385,11516.94,184.308,14939.048,184.385,17984.734,184.294,11388.014,184.385,19187.115,184.385,13929.207
185.33,11516.618,185.253,14906.166,185.33,17997.912,185.239,11403.219,185.33,19228.703,185.33,13979.721
186.276,11549.146,186.199,14947.768,186.276,17937.85,186.184,11398.522,186.276,18869.742,186.276,13908.468
187.221,11483.804,187.144,14943.816,187.221,17924.865,187.129,11398.922,187.221,18702.736,187.221,14029.328
188.167,11505.195,188.089,14943.678,188.167,17950.545,188.074,11419.769,188.167,19099.34,188.167,13822.496
189.112,11467.035,189.034,14949.397,189.112,17957.547,189.019,11404.917,189.112,18883.865,189.112,13963.538
190.058,11483.893,189.979,14942.527,190.058,17947.221,189.964,11397.392,190.058,19253.254,190.058,14093.812
191.003,11499.37,190.924,14955.636,191.003,17974.184,190.909,11404.038,191.003,18966.191,191.003,13991.728
191.949,11472.258,191.87,14935.042,191.949,17949.578,191.854,11392.676,191.949,18830.662,191.949,13964.517
192.895,11503.632,192.815,14934.919,192.895,17945.854,192.8,11400.563,192.895,18948.633,192.895,13814.77
193.84,11509.108,193.76,14967.784,193.84,17967.949,193.745,11384.096,193.84,18746.084,193.84,13782.146
194.786,11488.804,194.705,14976.59,194.786,17894.193,194.69,11389.316,194.786,18935.881,194.786,13817.331
195.731,11502.936,195.65,14958.908,195.731,17925.939,195.635,11373.847,195.731,18819.701,195.731,14067.073
196.677,11500.742,196.595,14940.971,196.677,17965.723,196.58,11378.886,196.677,18919.996,196.677,13828.53
197.622,11464.44,197.541,14946.804,197.622,17953.658,197.525,11379.745,197.622,19121.488,197.622,13841.193
198.568,11433.162,198.486,14938.979,198.568,17930.799,198.47,11376.478,198.568,19054.852,198.568,13795.551
199.514,11472.676,199.431,14955.154,199.514,17982.086,199.415,11378.502,199.513,18866.369,199.513,13699.083
200.459,11479.956,200.376,14954.734,200.459,17919.541,200.36,11382.388,200.459,18599.531,200.459,13809.127
201.405,11420.063,201.321,14969.746,201.405,17938.115,201.305,11372.179,201.405,18792.83,201.405,13734.248
202.35,11443.972,202.266,14960.781,202.35,17925.498,202.25,11353.889,202.35,18867.246,202.35,13767.518
203.296,11496.774,203.212,14962.867,203.296,17886.898,203.196,11367.704,203.296,18885.623,203.296,13893.147
204.241,11493.343,204.157,14962.733,204.241,17916.6,204.141,11358.92,204.241,18850.932,204.241,13579.713
205.187,11491.739,205.102,14965.965,205.187,17917.281,205.086,11379.532,205.187,19108.053,205.187,13786.603
206.132,11484.655,206.047,14985.552,206.132,17906.836,206.031,11354.376,206.132,18813.146,206.132,13709.592
207.078,11449.327,206.992,14956.557,207.078,17864.049,206.976,11343.128,207.078,18948.156,207.078,13614.554
208.024,11476.374,207.937,14969.202,208.024,17871.516,207.921,11338.348,208.024,19036.355,208.024,13466.758
208.969,11444.878,208.883,14952.797,208.969,17890.404,208.866,11360.113,208.969,18799.895,208.969,13640.914
209.915,11455.669,209.828,14969.388,209.915,17934.74,209.811,11339.342,209.915,18883.082,209.915,13594.419
210.86,11441.553,210.773,14939.76,210.86,17884.182,210.756,11364.199,210.86,18905.051,210.86,13329.068
211.806,11403.928,211.718,14945.906,211.806,17851.156,211.701,11373.856,211.806,18620.42,211.806,13476.045
212.751,11482.253,212.663,14969.172,212.751,17857.506,212.647,11320.747,212.751,18740.783,212.751,13635.663
213.697,11465.31,213.608,14927.725,213.697,17865.75,213.592,11320.544,213.697,18989.797,213.697,13554.338
214.643,11445.548,214.554,14928.988,214.643,17885.76,214.537,11340.365,214.642,18705.594,214.642,13363.597
215.588,11419.986,215.499,14948.079,215.588,17889.611,215.482,11338.381,215.588,18522.512,215.588,13448.737
216.534,11407.771,216.444,14951.749,216.534,17872.838,216.427,11362.499,216.534,18878.84,216.534,13286.179
217.479,11486.557,217.389,14943.86,217.479,17914.264,217.372,11369.546,217.479,18605.648,217.479,13463.099
218.425,11375.342,218.334,14982.965,218.425,17898.512,218.317,11323.33,218.425,18610.93,218.425,13415.167
219.37,11402.52,219.279,14955.696,219.37,17894.594,219.262,11335.632,219.37,18765.996,219.37,13304.426
220.316,11398.895,220.225,14932.584,220.316,17884.182,220.207,11353.067,220.316,18772.461,220.316,13275.932
221.261,11394.922,221.17,14909.587,221.261,17860.572,221.152,11348.526,221.261,18710.674,221.261,13327.419
222.207,11417.782,222.115,14936.279,222.207,17896.361,222.097,11362.956,222.207,18744.832,222.207,13329.84
223.153,11406.78,223.06,14957.939,223.153,17863.811,223.043,11337.321,223.153,18794.66,223.153,13453.034
224.098,11430.218,224.005,14938.345,224.098,17865.908,223.988,11348.859,224.098,18628.125,224.098,13402.968
225.044,11401.688,224.951,14917.138,225.044,17875.586,224.933,11346.633,225.044,18674.654,225.044,13392.892
225.989,11414.004,225.896,14962.138,225.989,17882.713,225.878,11334.867,225.989,18609.602,225.989,13390.283
226.935,11392.541,226.841,14944.471,226.935,17881.822,226.823,11332.107,226.935,18412.234,226.935,13352.17
227.88,11400.015,227.786,14939.582,227.88,17882.959,227.768,11325.127,227.88,18302.387,227.88,13308.687
228.826,11404.924,228.731,14969.944,228.826,17851.008,228.713,11332.524,228.826,18672.209,228.826,13303.473
229.771,11377.816,229.676,14934.051,229.771,17872.254,229.658,11344.035,229.771,18743.016,229.771,13414.887
230.717,11415.711,230.622,14917.246,230.717,17879.193,230.603,11319.672,230.717,18635.627,230.717,13256.321
231.663,11400.698,231.567,14947.767,231.663,17859.42,231.548,11310.846,231.663,18528.078,231.663,13342.396
232.608,11387.987,232.512,14918.724,232.608,17807.762,232.494,11305.888,232.608,18599.49,232.608,13195.151
233.554,11365.194,233.457,14959.624,233.554,17853.201,233.439,11310.008,233.554,18583.889,233.554,13289.589
234.499,11362.042,234.402,14954.318,234.499,17828.125,234.384,11321.682,234.499,18532.105,234.499,13250.608
235.445,11371.265,235.347,14957.788,235.445,17843.742,235.329,11294.273,235.445,18679.148,235.445,13363.905
236.39,11369.919,236.293,14932.74,236.39,17801.832,236.274,11334.646,236.39,18598.625,236.39,13299.345
237.336,11368.855,237.238,14937.273,237.336,17807.674,237.219,11312.495,237.336,18412.971,237.336,13307.213
238.282,11417.48,238.183,14949.111,238.282,17833.891,238.164,11307.696,238.282,18822.635,238.282,13146.223
239.227,11346.172,239.128,14933.663,239.227,17825.646,239.109,11330.047,239.227,18542.641,239.227,12955.835
240.173,11350.264,240.073,14907.291,240.173,17848.35,240.054,11305.129,240.173,18241.936,240.173,13065.52
241.118,11361.702,241.018,14931.531,241.118,17819.732,240.999,11331.655,241.118,18561.758,241.118,13273.185
242.064,11364.918,241.964,14936.673,242.064,17814.699,241.944,11298.176,242.064,18281.789,242.064,13222.759
243.009,11353.79,242.909,14944.063,243.009,17805.598,242.89,11335.188,243.009,18569.555,243.009,13162.195
243.955,11354.22,243.854,14918.168,243.955,17778.701,243.835,11314.641,243.955,18553.551,243.955,13199.695
244.9,11364.051,244.799,14878.584,244.9,17837.752,244.78,11330.069,244.9,18402.451,244.9,13065.051
245.846,11312.467,245.744,14874.917,245.846,17796.385,245.725,11298.871,245.846,18683.793,245.846,13047.707
246.792,11367.104,246.689,14889.69,246.792,17807.953,246.67,11318.968,246.792,18599.176,246.792,12975.312
247.737,11360.587,247.635,14877.097,247.737,17842.928,247.615,11319.89,247.737,18455.727,247.737,13007.769
248.683,11327.963,248.58,14874.837,248.683,17805.73,248.56,11325.587,248.683,18470.947,248.683,13002.409
249.628,11350.124,249.525,14886.043,249.628,17814.467,249.505,11322.401,249.628,18395.289,249.628,12924.871
250.574,11342.154,250.47,14878.584,250.574,17884.631,250.45,11295.092,250.574,18636.877,250.574,13116.311
251.519,11316.332,251.415,14884.77,251.519,17823.416,251.395,11301.906,251.519,18382.301,251.519,12987.906
252.465,11305.358,252.36,14903.055,252.465,17804.68,252.341,11335.84,252.465,18723.969,252.465,13088.1
253.411,11285.352,253.306,14883.054,253.411,17843.449,253.286,11283.766,253.411,18734.662,253.411,12970.969
254.356,11294.747,254.251,14899.192,254.356,17810.902,254.231,11291.342,254.356,18376.572,254.356,12852.094
255.302,11346.477,255.196,14917.092,255.302,17790.984,255.176,11273.392,255.302,18256.684,255.302,12936.753
256.247,11305.466,256.141,14886.334,256.247,17734.297,256.121,11335.499,256.247,18354.303,256.247,12889.123
257.193,11321.173,257.086,14890.907,257.193,17756.125,257.066,11293.109,257.193,18214.973,257.193,12969.501
258.138,11279.537,258.031,14907.987,258.138,17809.887,258.011,11281.076,258.138,18220.498,258.138,12979.611
259.084,11311.345,258.977,14871.051,259.084,17799.633,258.956,11291.643,259.084,18322.305,259.084,12851.975
260.029,11283.62,259.922,14896.094,260.029,17779.182,259.901,11302.941,260.029,18356.6,260.029,12948.714
260.975,11260.283,260.867,14885.893,260.975,17785.416,260.846,11304.227,260.975,18328.883,260.975,12852.73
261.921,11295.869,261.812,14867.019,261.921,17772.539,261.792,11315.931,261.921,18496.248,261.921,12836.509
262.866,11267.131,262.757,14904.33,262.866,17726.654,262.737,11272.733,262.866,18431.021,262.866,12852.507
263.812,11276.28,263.702,14855.999,263.812,17805.662,263.682,11300.674,263.812,18294.27,263.812,13010.473
264.757,11279.205,264.648,14885.652,264.757,17813.463,264.627,11301.857,264.757,18253.945,264.757,13035.63
265.703,11316.694,265.593,14855.532,265.703,17762.018,265.572,11295.015,265.703,18132.918,265.703,12758.2
266.648,11313.58,266.538,14870.08,266.648,17750.885,266.517,11272.741,266.648,18326.951,266.648,13006.384
267.594,11319.763,267.483,14891.263,267.594,17793.477,267.462,11330.362,267.594,18050.459,267.594,12886.875
268.54,11308.138,268.428,14861.503,268.54,17793.857,268.407,11294.302,268.539,18241.754,268.539,12855.076
269.485,11300.865,269.374,14892.116,269.485,17772.215,269.352,11277.341,269.485,18090.336,269.485,12847.945
270.431,11350.018,270.319,14868.729,270.431,17761.746,270.297,11289.729,270.431,18286.213,270.431,12887.729
271.376,11301.23,271.264,14899.055,271.376,17736.744,271.242,11277.918,271.376,18092.809,271.376,12784.513
272.322,11309.357,272.209,14885.14,272.322,17728.201,272.188,11285.791,272.322,18323.49,272.322,12873.314
273.267,11355.652,273.154,14903.88,273.267,17764.01,273.133,11322.429,273.267,18133.049,273.267,12860.308
274.213,11324.526,274.099,14852.396,274.213,17723.094,274.078,11280.701,274.213,17960.932,274.213,12800.165
275.158,11336.715,275.045,14874.829,275.158,17746.592,275.023,11277.69,275.158,18161.838,275.158,12897.919
276.104,11323.609,275.99,14879.809,276.104,17728.836,275.968,11285.039,276.104,17999.18,276.104,12735.881
277.05,11335.649,276.935,14883.577,277.05,17779.84,276.913,11273.884,277.05,18201.244,277.05,12816.122
277.995,11288.25,277.88,14857.157,277.995,17713.182,277.858,11276.847,277.995,18336.906,277.995,12823.508
278.941,11298.562,278.825,14883.356,278.941,17704.637,278.803,11251.136,278.941,18364.094,278.941,12848.916
279.886,11282.069,279.77,14881.16,279.886,17641.613,279.748,11273.254,279.886,18087.34,279.886,12643.429
280.832,11326.354,280.716,14875.425,280.832,17741.176,280.693,11287.931,280.832,18249.525,280.832,12682.484
281.777,11286.15,281.661,14869.102,281.777,17732.551,281.639,11261.654,281.777,17991.906,281.777,12727.733
282.723,11268.121,282.606,14895.652,282.723,17715.699,282.584,11297.144,282.723,18142.088,282.723,12670.817
283.669,11312.759,283.551,14886.094,283.669,17719.195,283.529,11249.936,283.668,17992.373,283.668,12644.268
284.614,11324.2,284.496,14873.522,284.614,17724.041,284.474,11238.348,284.614,18069.859,284.614,12636.054
285.56,11300.03,285.441,14863.486,285.56,17742.48,285.419,11254.178,285.56,18116.625,285.56,12504.598
286.505,11295.412,286.387,14855.18,286.505,17736.529,286.364,11264.899,286.505,18020.391,286.505,12609.231
287.451,11289.29,287.332,14866.838,287.451,17721.559,287.309,11275.748,287.451,18313.896,287.451,12621.766
288.396,11314.434,288.277,14867.931,288.396,17669.961,288.254,11232.298,288.396,18288.998,288.396,12548.848
289.342,11303.146,289.222,14874.663,289.342,17714.441,289.199,11245.757,289.342,17832.701,289.342,12663.045
290.287,11313.632,290.167,14837.74,290.287,17703.672,290.144,11224.896,290.287,18035.182,290.287,12624.926
291.233,11310.199,291.112,14862.535,291.233,17687.021,291.089,11256.89,291.233,18223.701,291.233,12536.957
292.179,11272.676,292.058,14873.181,292.179,17665.992,292.035,11231.163,292.179,17826.803,292.179,12441.18
293.124,11300.986,293.003,14864.243,293.124,17700.738,292.98,11230.232,293.124,18055.66,293.124,12647.707
294.07,11318.295,293.948,14844.846,294.07,17725.932,293.925,11238.313,294.07,18129.596,294.07,12503.604
295.015,11255.421,294.893,14853.715,295.015,17676.156,294.87,11206.938,295.015,17978.514,295.015,12466.622
295.961,11254.64,295.838,14837.119,295.961,17720.764,295.815,11226.92,295.961,17816.102,295.961,12502.871
296.906,11303.548,296.783,14869.461,296.906,17740.016,296.76,11233.582,296.906,18170.971,296.906,12465.461
297.852,11272.534,297.729,14861.587,297.852,17712.873,297.705,11227.026,297.852,17926.695,297.852,12408.161
298.797,11281.184,298.674,14824.856,298.797,17789.766,298.65,11218.401,298.797,17893.891,298.797,12486.974
299.743,11267.463,299.619,14865.668,299.743,17720.879,299.595,11215.017,299.743,18193.623,299.743,12276.88
300.689,11245.611,300.564,14830.174,300.689,17844.682,300.54,11198.497,300.689,17958.324,300.689,12339.532
301.634,11270.4,301.509,14828.451,301.634,17852.188,301.486,11195.119,301.634,17865.502,301.634,12387.025
302.58,11253.748,302.454,14822.837,302.58,17706.893,302.431,11200.604,302.58,18138.51,302.58,12474.844
303.525,11272.544,303.4,14862.127,303.525,17774.67,303.376,11212.585,303.525,18200.203,303.525,12357.237
304.471,11218.248,304.345,14854.152,304.471,17808.215,304.321,11201.814,304.471,17871.283,304.471,12299.884
305.416,11210.62,305.29,14845.428,305.416,17697.457,305.266,11209.823,305.416,17664.883,305.416,12177.04
306.362,11245.408,306.235,14836.539,306.362,17744.607,306.211,11228.828,306.362,17826.236,306.362,12342.107
307.308,11269.538,307.18,14844.838,307.308,17754.496,307.156,11208.4,307.308,17993.096,307.308,12196.397
308.253,11212.056,308.125,14858.05,308.253,17784.191,308.101,11187.46,308.253,18015.967,308.253,12356.178
309.199,11237.042,309.071,14834.042,309.199,17723.383,309.046,11217.23,309.199,17861.568,309.199,12355.663
310.144,11269.215,310.016,14822.386,310.144,17713.234,309.991,11197.754,310.144,18000.02,310.144,12063.905
311.09,11223.862,310.961,14801.898,311.09,17713.121,310.936,11193.935,311.09,17963.246,311.09,12312.748
312.035,11224.672,311.906,14867.515,312.035,17715.928,311.882,11197.752,312.035,18010.621,312.035,12289.076
312.981,11215.743,312.851,14877.728,312.981,17717.85,312.827,11171.311,312.981,17962.572,312.981,12200.049
313.926,11242.42,313.797,14840.924,313.926,17715.178,313.772,11197.343,313.926,17762.598,313.926,12251.111
314.872,11193.603,314.742,14804.607,314.872,17741.684,314.717,11205.949,314.872,17743.08,314.872,12307.789
315.818,11220.568,315.687,14861.507,315.818,17678.545,315.662,11189.218,315.818,18000.596,315.818,12309.385
316.763,11244.598,316.632,14852.985,316.763,17724.572,316.607,11179.904,316.763,17857.564,316.763,12129.128
317.709,11225.161,317.577,14840.354,317.709,17705.516,317.552,11165.886,317.709,18104.438,317.709,12103.865
318.654,11240.274,318.522,14851.955,318.654,17685.189,318.497,11167.381,318.654,18002.639,318.654,12227.298
319.6,11231.992,319.468,14856.717,319.6,17683.316,319.442,11189.466,319.6,17969.098,319.6,12225.863
320.545,11229.569,320.413,14868.682,320.545,17666.473,320.387,11168.533,320.545,17924.363,320.545,12009.959
321.491,11195.04,321.358,14841.781,321.491,17686.404,321.333,11160.195,321.491,17858.82,321.491,12143.037
322.437,11178.207,322.303,14840.72,322.437,17666.586,322.278,11178.923,322.436,17992.219,322.436,12076.559
323.382,11193.656,323.248,14837.798,323.382,17653.697,323.223,11156.759,323.382,17636.332,323.382,11913.461
324.328,11181.442,324.193,14851.941,324.328,17645.146,324.168,11165.624,324.328,17701.775,324.328,12010.804
325.273,11200.424,325.139,14840.391,325.273,17646.027,325.113,11177.376,325.273,17820.611,325.273,12052.646
326.219,11200.003,326.084,14811.273,326.219,17639.58,326.058,11155.776,326.219,17779.406,326.219,11965.694
327.164,11176.978,327.029,14825.517,327.164,17653.727,327.003,11143.962,327.164,17521.244,327.164,11978.136
328.11,11201.209,327.974,14835.655,328.11,17656.395,327.948,11147.075,328.11,17752.441,328.11,11908.548
329.055,11168.194,328.919,14825.966,329.055,17684.869,328.893,11159.409,329.055,17513.105,329.055,12014.208
330.001,11164.485,329.864,14822.246,330.001,17700.258,329.838,11160.732,330.001,17849.434,330.001,11991.437
330.947,11173.514,330.81,14847.165,330.947,17689.275,330.783,11166.596,330.947,17605.715,330.947,12030.786
331.892,11144.656,331.755,14813.685,331.892,17699.168,331.729,11128.886,331.892,17695.438,331.892,11988.86
332.838,11182.384,332.7,14850.961,332.838,17703.299,332.674,11161.1,332.838,17686.348,332.838,12002.677
333.783,11162.382,333.645,14827.45,333.783,17715.111,333.619,11147.712,333.783,17497.023,333.783,12017.215
334.729,11152.19,334.59,14820.908,334.729,17649.699,334.564,11152.979,334.729,17863.648,334.729,12085.027
335.674,11141.322,335.535,14842.812,335.674,17696.904,335.509,11155.417,335.674,17242.297,335.674,11971.799
336.62,11150.214,336.481,14828.497,336.62,17693.266,336.454,11159.188,336.62,17663.154,336.62,11939.845
337.566,11135.694,337.426,14821.668,337.566,17681.934,337.399,11167.057,337.565,17628.449,337.565,12075.872
338.511,11109.593,338.371,14839.727,338.511,17699.758,338.344,11180.541,338.511,17744.596,338.511,11800.634
339.457,11134.402,339.316,14831.15,339.457,17719.479,339.289,11144.79,339.457,17556.943,339.457,11929.985
340.402,11155.379,340.261,14838.724,340.402,17664.637,340.234,11133.831,340.402,17621.207,340.402,11889.097
341.348,11115.404,341.206,14842.482,341.348,17676.096,341.18,11147.49,341.348,17496.92,341.348,11924.879
342.293,11154.012,342.152,14830.706,342.293,17654.443,342.125,11137.705,342.293,17626.473,342.293,11939.888
343.239,11178.446,343.097,14828.414,343.239,17643.115,343.07,11162.771,343.239,17696.965,343.239,11813.827
344.184,11110.6,344.042,14810.8,344.184,17664.871,344.015,11124.856,344.184,17186.734,344.184,11727.784
345.13,11152.98,344.987,14824.973,345.13,17649.408,344.96,11124.074,345.13,17507.436,345.13,11779.247
346.076,11157.412,345.932,14842.906,346.076,17632.527,345.905,11131.189,346.076,17407.553,346.076,11821.807
347.021,11148.368,346.877,14823.661,347.021,17702.777,346.85,11130.952,347.021,17532.125,347.021,11897.323
347.967,11132.426,347.823,14812.171,347.967,17704.875,347.795,11116.173,347.967,17696.389,347.967,11907.368
348.912,11138.607,348.768,14821.463,348.912,17660.811,348.74,11136.802,348.912,17530.207,348.912,11761.678
349.858,11132.66,349.713,14821.812,349.858,17655.883,349.685,11147.882,349.858,17532.475,349.858,11709.267
350.803,11108.089,350.658,14810.384,350.803,17646.768,350.63,11141.74,350.803,17487.959,350.803,11872.787
351.749,11111.886,351.603,14818.848,351.749,17644.949,351.576,11115.316,351.749,17489.426,351.749,11908.61
352.695,11081.167,352.548,14865.821,352.695,17671.186,352.521,11138.735,352.694,17539.98,352.694,11784.964
353.64,11113.952,353.494,14815.888,353.64,17681.549,353.466,11136.294,353.64,17629.273,353.64,11725.771
354.586,11146.649,354.439,14832.834,354.586,17643.297,354.411,11142.454,354.586,17382.518,354.586,11945.853
355.531,11116.043,355.384,14791.715,355.531,17658.689,355.356,11115.745,355.531,17479.066,355.531,11832.153
356.477,11086.695,356.329,14839.739,356.477,17702.814,356.301,11138.812,356.477,17351.869,356.477,11869.118
357.422,11064.248,357.274,14824.944,357.422,17676.152,357.246,11116.858,357.422,17608.691,357.422,11850.814
358.368,11082.955,358.219,14833.841,358.368,17700.805,358.191,11094.684,358.368,17321.414,358.368,12123.485
359.313,11062.608,359.165,14823.456,359.313,17695.033,359.136,11116.19,359.313,17601.971,359.313,11841.115
360.259,11052.582,360.11,14822.94,360.259,17707.67,360.081,11117.811,360.259,17170.285,360.259,11876.723
361.205,11036.365,361.055,14814.45,361.205,17588.426,361.027,11116.658,361.205,17409.971,361.205,11735.516
362.15,11065.644,362,14801.186,362.15,17706.223,361.972,11135.733,362.15,17278.039,362.15,11969.861
363.096,11073.255,362.945,14837.106,363.096,17668.902,362.917,11091.108,363.096,17252.535,363.096,11757.873
364.041,11053.867,363.891,14826.013,364.041,17669.711,363.862,11105.633,364.041,17321.021,364.041,11766.271
364.987,11073.223,364.836,14841.346,364.987,17696.697,364.807,11143.604,364.987,17353.373,364.987,11751.756
365.932,11058.03,365.781,14831.921,365.932,17662.877,365.752,11127.237,365.932,17267.752,365.932,11730.825
366.878,11115.068,366.726,14795.047,366.878,17647.689,366.697,11158.685,366.878,17131.361,366.878,11615.146
367.824,11034.106,367.671,14843.594,367.824,17670.578,367.642,11129.858,367.823,17451.803,367.823,11651.511
368.769,11062.146,368.616,14822.303,368.769,17643.723,368.587,11108.341,368.769,17163.609,368.769,11657.669
369.715,11076.585,369.562,14813.346,369.715,17646.746,369.532,11116.17,369.715,17223.799,369.715,11612.735
370.66,11049.164,370.507,14809.611,370.66,17633.584,370.478,11104.129,370.66,17190.586,370.66,11612.231
371.606,11078.99,371.452,14826.773,371.606,17663.346,371.423,11104.56,371.606,17419.918,371.606,11648.534
372.551,11041.168,372.397,14826.461,372.551,17621.195,372.368,11112.445,372.551,17271.213,372.551,11675.293
373.497,11084.248,373.342,14829.338,373.497,17625.898,373.313,11104.628,373.497,17222.74,373.497,11452.102
374.442,11054.28,374.287,14814.651,374.442,17656.139,374.258,11102.937,374.442,17452.057,374.442,11617.558
375.388,11070.479,375.233,14813.891,375.388,17647.033,375.203,11078.15,375.388,17343.266,375.388,11680.393
376.334,11037.199,376.178,14794.905,376.334,17628.045,376.148,11085.322,376.334,17303.762,376.334,11566.574
377.279,11070.539,377.123,14798.761,377.279,17631.02,377.093,11109.068,377.279,17478.605,377.279,11594.131
378.225,11018.967,378.068,14821.267,378.225,17648.16,378.038,11125.852,378.225,17069.373,378.225,11599.59
379.17,11042.332,379.013,14822.518,379.17,17611.404,378.983,11111.159,379.17,17248.656,379.17,11502.083
380.116,11041.54,379.958,14834.217,380.116,17625.715,379.928,11072.221,380.116,17391.75,380.116,11543.271
381.061,11003.262,380.904,14790.923,381.061,17632.283,380.874,11063.505,381.061,17167.852,381.061,11483.873
382.007,11037.233,381.849,14816.226,382.007,17618.178,381.819,11093.511,382.007,17325.516,382.007,11413.671
382.952,10995.187,382.794,14795.203,382.952,17577.52,382.764,11076.857,382.952,17175.113,382.952,11505.848
383.898,11023.782,383.739,14824.236,383.898,17618.057,383.709,11076.305,383.898,17411.5,383.898,11464.887
384.844,10972.174,384.684,14804.929,384.844,17586.117,384.654,11079.392,384.844,17208.479,384.844,11242.086
385.789,10962.69,385.629,14790.582,385.789,17606.037,385.599,11069.999,385.789,17248.311,385.789,11477.852
386.735,11002.683,386.575,14779.548,386.735,17626.23,386.544,11059.347,386.735,17135.023,386.735,11545.463
387.68,11000.415,387.52,14794.003,387.68,17546.777,387.489,11064.545,387.68,17204.49,387.68,11432.911
388.626,10998.44,388.465,14794.317,388.626,17590.693,388.434,11081.287,388.626,17086.127,388.626,11383.445
389.571,11008.823,389.41,14803.362,389.571,17547.305,389.379,11044.993,389.571,17392.518,389.571,11476.25
390.517,11013.041,390.355,14789.279,390.517,17594.221,390.324,11005.745,390.517,17229.041,390.517,11381.77
391.463,10962.284,391.3,14812.029,391.463,17539.322,391.27,11067.051,391.462,16940.975,391.462,11390.476
392.408,10974.381,392.246,14797.939,392.408,17582.381,392.215,11072.021,392.408,17206.332,392.408,11460.937
393.354,10993.199,393.191,14819.649,393.354,17556.693,393.16,11070.795,393.354,17502.396,393.354,11415.455
394.299,10959.788,394.136,14787.107,394.299,17538.605,394.105,11070.073,394.299,17043.783,394.299,11325.71
395.245,11001.769,395.081,14814.257,395.245,17591.248,395.05,11080.745,395.245,17097.969,395.245,11325.854
396.19,10973.773,396.026,14791.938,396.19,17575.598,395.995,11073.067,396.19,17086.123,396.19,11259.455
397.136,10965.332,396.971,14795.631,397.136,17542.699,396.94,11054.392,397.136,17009.262,397.136,11356.105
398.081,10995.384,397.917,14786.956,398.081,17506.822,397.885,11066.256,398.081,17347.344,398.081,11309.697
399.027,10978.707,398.862,14782.912,399.027,17623.348,398.83,11070.88,399.027,17067.076,399.027,11474.037
399.973,11011.425,399.807,14772.878,399.973,17609.49,399.775,11079.775,399.973,16942.613,399.973,11231.646
400.918,11000.06,400.752,14800.004,400.918,17616.328,400.721,11064.676,400.918,16993.414,400.918,11316.607
401.864,11010.598,401.697,14808.042,401.864,17586.369,401.666,11071.315,401.864,17093.645,401.864,11226.158
402.809,10991.981,402.642,14797.513,402.809,17645.521,402.611,11078.829,402.809,16976.902,402.809,11305.596
403.755,10966.45,403.588,14763.557,403.755,17606.631,403.556,11055.448,403.755,17244.414,403.755,11278.235
404.7,10975.21,404.533,14789.086,404.7,17572.775,404.501,11090.338,404.7,17251.115,404.7,11398.2
405.646,10980.277,405.478,14794.655,405.646,17627.486,405.446,11087.245,405.646,17196.746,405.646,11135.364
406.592,10977.289,406.423,14810.432,406.592,17560.318,406.391,11071.604,406.591,17153.477,406.591,11233.671
407.537,10949.627,407.368,14788.667,407.537,17589.955,407.336,11055.853,407.537,16870.861,407.537,11147.827
408.483,10978.604,408.314,14792.309,408.483,17619.5,408.281,11066.862,408.483,16980.449,408.483,11241.501
409.428,10968.694,409.259,14761.224,409.428,17653.801,409.226,11077.009,409.428,16922.184,409.428,11250.557
410.374,10962.01,410.204,14768.063,410.374,17608.871,410.172,11083.798,410.374,16840.174,410.374,11285.346
411.319,10959.046,411.149,14800.447,411.319,17599.186,411.117,11095.928,411.319,16888.678,411.319,11176.662
412.265,10969.845,412.094,14766.104,412.265,17609.133,412.062,11078.502,412.265,17087.791,412.265,11085.841
413.21,10952.504,413.039,14751.817,413.21,17578.5,413.007,11090.476,413.21,16748.305,413.21,11156.872
414.156,10970.107,413.985,14747.431,414.156,17755.803,413.952,11055.601,414.156,16685.361,414.156,11067.796
415.102,10944.986,414.93,14757.46,415.102,17609.479,414.897,11086.182,415.102,16681.934,415.102,11098.869
416.047,10926.36,415.875,14754.071,416.047,17616.754,415.842,11071.187,416.047,17115.803,416.047,11157.853
416.993,10932.433,416.82,14758.941,416.993,17626.943,416.787,11072.778,416.993,16652.564,416.993,11168.86
417.938,10950.854,417.765,14769.747,417.938,17620.777,417.732,11074.159,417.938,16895.502,417.938,11135.492
418.884,10930.168,418.71,14774.768,418.884,17670.465,418.677,11055.938,418.884,16740.08,418.884,11112.46
419.829,10900.304,419.656,14742.494,419.829,17596.805,419.622,11045.019,419.829,16956.475,419.829,11121.392
420.775,10900.962,420.601,14740.722,420.775,17673.846,420.568,11060.032,420.775,16847.012,420.775,11017.172
421.721,10908.987,421.546,14749.733,421.721,17616.951,421.513,11040.646,421.72,16698.055,421.72,11074.572
422.666,10911.993,422.491,14731.791,422.666,17602.605,422.458,11029.572,422.666,16954.83,422.666,11013.673
423.612,10886.279,423.436,14735.037,423.612,17603.621,423.403,11061.261,423.612,16848.492,423.612,10992.681
424.557,10906.759,424.381,14753.599,424.557,17614.172,424.348,11056.983,424.557,16722.299,424.557,11147.433
425.503,10925.89,425.327,14727.621,425.503,17626.035,425.293,11034.485,425.503,16547.811,425.503,10998.235
426.448,10968.702,426.272,14708.125,426.448,17549.863,426.238,11048.626,426.448,16826.016,426.448,10956.657
427.394,10924.203,427.217,14743.293,427.394,17576.939,427.183,11053.905,427.394,16750.139,427.394,11004.286
428.339,10908.47,428.162,14735.136,428.339,17608.398,428.128,11068.124,428.339,16716.443,428.339,11037.026
429.285,10897.269,429.107,14742.847,429.285,17549.139,429.073,11038.568,429.285,16900.086,429.285,10955.088
430.231,10891.537,430.052,14748.684,430.231,17573.354,430.019,11017.994,430.231,16739.061,430.231,10910.888
431.176,10932.612,430.998,14758.51,431.176,17594.305,430.964,11046.489,431.176,16729.506,431.176,11074.19
432.122,10911.229,431.943,14748.702,432.122,17561.223,431.909,11049.345,432.122,16733.246,432.122,11007.475
433.067,10856.9,432.888,14755.112,433.067,17596.936,432.854,11061.101,433.067,17041.17,433.067,11075.627
434.013,10852.824,433.833,14752.229,434.013,17552.586,433.799,11073.597,434.013,16827.439,434.013,10877.091
434.958,10876.019,434.778,14748.149,434.958,17581.355,434.744,11044.658,434.958,16743.604,434.958,10959.268
435.904,10883.442,435.723,14748.646,435.904,17554.801,435.689,11038.067,435.904,16561.713,435.904,10980.542
436.85,10855.756,436.669,14760.606,436.85,17552.043,436.634,11033.164,436.849,16661.137,436.849,10749.338
437.795,10876.861,437.614,14778.864,437.795,17526.436,437.579,11014.709,437.795,16612.582,437.795,11017.531
438.741,10889.497,438.559,14744.129,438.741,17603.396,438.524,11057.751,438.741,16865.262,438.741,10828.665
439.686,10846.246,439.504,14732.95,439.686,17561.381,439.469,11021.857,439.686,16672.404,439.686,10854.6
440.632,10843.275,440.449,14734.888,440.632,17573.961,440.415,11020.55,440.632,16829.031,440.632,10755.275
441.577,10865.521,441.394,14754.395,441.577,17565.033,441.36,11035.824,441.577,16695.781,441.577,10751.866
442.523,10848.367,442.34,14747.052,442.523,17579.299,442.305,11025.511,442.523,16860.305,442.523,10926.35
443.468,10837.711,443.285,14746.879,443.468,17550.719,443.25,11027.835,443.468,16460.99,443.468,10829.576
444.414,10877.289,444.23,14765.393,444.414,17618.617,444.195,11022.558,444.414,16724.516,444.414,10760.907
445.36,10837.842,445.175,14723.009,445.36,17558.547,445.14,11013.515,445.359,16577.877,445.359,10733.411
446.305,10841.513,446.12,14747.917,446.305,17544.023,446.085,11000.46,446.305,16880.047,446.305,10660.677
447.251,10847.66,447.065,14736.101,447.251,17539.498,447.03,11010.686,447.251,16616.924,447.251,10779.833
448.196,10826.827,448.011,14744.321,448.196,17528.953,447.975,11018.69,448.196,16480.707,448.196,10688.825
449.142,10853.326,448.956,14752.859,449.142,17532.391,448.92,11020.415,449.142,16585.91,449.142,10784.391
450.087,10825.33,449.901,14743.02,450.087,17463.029,449.866,11009.679,450.087,16705.131,450.087,10719.073
451.033,10830.031,450.846,14735.77,451.033,17580.303,450.811,10999.163,451.033,16897.137,451.033,10711.977
451.978,10819.218,451.791,14754.893,451.978,17556.535,451.756,11030.312,451.978,16651.018,451.978,10764.017
452.924,10840.753,452.737,14754.935,452.924,17629.242,452.701,11007.132,452.924,16659.66,452.924,10782.843
453.87,10808.3,453.682,14766.565,453.87,17639.152,453.646,11007.063,453.87,16697.717,453.87,10773.539
454.815,10806.906,454.627,14764.57,454.815,17525.783,454.591,10975.436,454.815,16728.23,454.815,10727.766
455.761,10798.998,455.572,14734.926,455.761,17524.025,455.536,11009.69,455.761,16584.4,455.761,10770.071
456.706,10810.793,456.517,14754.556,456.706,17488.895,456.481,11019.759,456.706,16383.139,456.706,10706.695
457.652,10768.137,457.462,14760.179,457.652,17545.684,457.426,10978.8,457.652,16635.404,457.652,10689.489
458.597,10784.86,458.408,14729.245,458.597,17538.516,458.371,10997.946,458.597,16529.814,458.597,10747.732
459.543,10766.297,459.353,14771.352,459.543,17517.807,459.316,10996.006,459.543,16811.408,459.543,10693.948
460.489,10566.214,460.298,14751.565,460.489,17474.67,460.262,10994.875,460.488,16390.74,460.488,10702.188
461.434,10798.61,461.243,14721.245,461.434,17535.242,461.207,10981.213,461.434,16536.789,461.434,10682.487
462.38,10810.291,462.188,14706.686,462.38,17522.744,462.152,10982.415,462.38,16604.506,462.38,10567.255
463.325,10807.78,463.133,14749.877,463.325,17572.312,463.097,10971.489,463.325,16245.73,463.325,10631.826
464.271,10834.559,464.079,14713.948,464.271,17539.357,464.042,10987.624,464.271,16774.1,464.271,10540.215
465.216,10873.778,465.024,14737.278,465.216,17531.676,464.987,10996.593,465.216,16500.697,465.216,10670.023
466.162,10846.982,465.969,14758.063,466.162,17542.064,465.932,10970.669,466.162,16556.299,466.162,10650.002
467.107,10798.043,466.914,14737.666,467.107,17957.213,466.877,10953.156,467.107,16566.629,467.107,10686.827
468.053,10842.761,467.859,14701.274,468.053,17687.674,467.822,10988.487,468.053,16519.699,468.053,10738.206
468.999,10836.31,468.804,14744.591,468.999,17591.416,468.767,10962.438,468.999,16577.629,468.999,10681.639
469.944,10842.033,469.75,14732.799,469.944,17601.281,469.713,10979.724,469.944,16548.117,469.944,10460.842
470.89,10828.5,470.695,14720.83,470.89,17559.768,470.658,10969.513,470.89,16567.242,470.89,10578.038
471.835,10853.303,471.64,14713.725,471.835,17547.051,471.603,10989.52,471.835,16321.332,471.835,10538.429
472.781,10841.021,472.585,14721.75,472.781,17595.078,472.548,10987.215,472.781,16654.23,472.781,10495.147
473.726,10864.439,473.53,14721.595,473.726,17545.463,473.493,10982.343,473.726,16595.221,473.726,10583.896
474.672,10827.248,474.475,14734.631,474.672,17510.875,474.438,10987.002,474.672,16416.139,474.672,10500.345
475.618,10825.602,475.421,14710.775,475.618,17582.594,475.383,11007.115,475.617,16298.924,475.617,10444.37
476.563,10841.675,476.366,14724.268,476.563,17565.236,476.328,10963.487,476.563,16620.621,476.563,10550.871
477.509,10836.782,477.311,14719.355,477.509,17548.365,477.273,10989.572,477.509,16437.555,477.509,10429.27
478.454,10850.9,478.256,14732.148,478.454,17560.369,478.218,11014.289,478.454,16430.232,478.454,10346.616
479.4,10832.604,479.201,14701.873,479.4,17557.006,479.164,10969.795,479.4,16649.682,479.4,10475.272
480.345,10821.283,480.146,14712.742,480.345,17541.672,480.109,10989.264,480.345,16390.111,480.345,10457.191
481.291,10841.593,481.092,14697.657,481.291,17551.402,481.054,10981.389,481.291,16487.256,481.291,10469.899
482.236,10783.745,482.037,14705.343,482.236,17522.229,481.999,10956.462,482.236,16593.986,482.236,10474.231
483.182,10721.179,482.982,14679.444,483.182,17543.234,482.944,10968.702,483.182,16564.311,483.182,10429.784
484.128,10765.952,483.927,14721.059,484.128,17568.764,483.889,10978.754,484.128,16281.315,484.128,10350.335
485.073,10763.616,484.872,14725.854,485.073,17466.324,484.834,10961.242,485.073,16427.359,485.073,10371.146
486.019,10752.792,485.817,14713.194,486.019,17560.512,485.779,10959.578,486.019,16286.474,486.019,10255.651
486.964,10750.25,486.763,14726.666,486.964,17512.883,486.724,10982.562,486.964,16222.863,486.964,10304.915
487.91,10746.784,487.708,14681.227,487.91,17450.955,487.669,10960.771,487.91,16165.556,487.91,10248.051
488.855,10808.139,488.653,14684.06,488.855,17521.314,488.614,10974.431,488.855,16155.33,488.855,10260.424
489.801,10823.036,489.598,14725.94,489.801,17538.465,489.56,10966.072,489.801,16427.867,489.801,10257.989
490.747,10776.493,490.543,14686.389,490.747,17525.834,490.505,10966.337,490.746,16414.49,490.746,10291.047
491.692,10768.202,491.488,14719.666,491.692,17568.76,491.45,10956.178,491.692,16438.275,491.692,10368.136
492.638,10786.825,492.434,14704.275,492.638,17537.1,492.395,10964.129,492.638,16180.151,492.638,10435.521
493.583,10793.392,493.379,14715.19,493.583,17524.057,493.34,10989.353,493.583,16359.94,493.583,10377.882
494.529,10807.835,494.324,14686.871,494.529,17516.549,494.285,10926.998,494.529,16468.617,494.529,10229.692
495.474,10812.812,495.269,14727.016,495.474,17614.922,495.23,10984.53,495.474,16423.537,495.474,10293.185
496.42,10757.863,496.214,14700.067,496.42,17554.832,496.175,10991.29,496.42,16216.202,496.42,10213.708
497.365,10740.887,497.16,14702.514,497.365,17550.324,497.12,10999.646,497.365,16394.801,497.365,10361.677
498.311,10778.539,498.105,14670.208,498.311,17618.992,498.065,10988.604,498.311,16408.768,498.311,10270.594
499.257,10786.674,499.05,14707.745,499.257,17551.055,499.01,10992.124,499.257,16196.56,499.257,10405.149
500.202,10795.39,499.995,14691.631,500.202,17576.023,499.956,11004.554,500.202,16269.575,500.202,10275.583
501.148,10787.914,500.94,14720.379,501.148,17570.33,500.901,10998.686,501.148,16533.893,501.148,10236.107
502.093,10780.932,501.885,14716.058,502.093,17580.561,501.846,11024.258,502.093,16271.305,502.093,10192.642
503.039,10797.883,502.831,14677.438,503.039,17572.305,502.791,11007.044,503.039,16115.225,503.039,10334.742
503.984,10771.523,503.776,14717.34,503.984,17539.609,503.736,11009.889,503.984,16226.935,503.984,10219.67
504.93,10778.384,504.721,14681.372,504.93,17570.459,504.681,11018.119,504.93,16338.142,504.93,10220.896
505.876,10736.578,505.666,14685.226,505.876,17497.467,505.626,11002.95,505.875,16439.234,505.875,10397.063
506.821,10771.755,506.611,14706.125,506.821,17595.734,506.571,11037.507,506.821,16222.123,506.821,10293.867
507.767,10724.416,507.556,14686.22,507.767,17659.871,507.516,11009.755,507.767,16233.71,507.767,10078.872
508.712,10757.179,508.502,14712.508,508.712,17618.383,508.461,10988.876,508.712,16205.957,508.712,10258.956
509.658,10761.593,509.447,14710.164,509.658,17561.166,509.407,11010.28,509.658,16373.758,509.658,10133.043
510.603,10739.428,510.392,14671.737,510.603,17532.469,510.352,10999.688,510.603,16422.826,510.603,10138.124
511.549,10750.678,511.337,14678.388,511.549,17583.105,511.297,10984.064,511.549,16382.537,511.549,10182.709
512.494,10750.626,512.282,14707.308,512.494,17597.754,512.242,11010.767,512.494,16214.301,512.494,10143.156
513.44,10762.484,513.227,14691.28,513.44,17580.916,513.187,10979.972,513.44,16188.437,513.44,10197.539
514.386,10791.498,514.173,14681.306,514.386,17559.617,514.132,11011.362,514.385,16281.791,514.385,10199.719
515.331,10744.105,515.118,14681.592,515.331,17572.752,515.077,10993.044,515.331,16325.775,515.331,10222.674
516.277,10734.507,516.063,14700.754,516.277,17564.01,516.022,10999.854,516.277,16292.174,516.277,9972.955
517.222,10755.413,517.008,14679.067,517.222,17586.965,516.967,11011.147,517.222,16372.141,517.222,10111.395
518.168,10762.809,517.953,14648.035,518.168,17591.66,517.912,11008.283,518.168,16168.488,518.168,10150.114
519.113,10770.695,518.898,14700.449,519.113,17561.32,518.858,11006.323,519.113,16368.51,519.113,10045.727
520.059,10752.9,519.844,14682.627,520.059,17581.996,519.803,10993.872,520.059,16378.532,520.059,10139.518
521.005,10751.146,520.789,14693.875,521.005,17569.789,520.748,10997.829,521.004,16201.781,521.004,10154.444
521.95,10717.65,521.734,14688.713,521.95,17559.711,521.693,10989.642,521.95,16328.521,521.95,10149.193
522.896,10708.927,522.679,14696.769,522.896,17555.016,522.638,11011.968,522.896,16150.727,522.896,10170.708
523.841,10706.996,523.624,14700.833,523.841,17578.979,523.583,11011.903,523.841,16416.291,523.841,9920.758
524.787,10748.485,524.569,14694.436,524.787,17565.174,524.528,10991.38,524.787,16332.387,524.787,10079.227
525.732,10700.345,525.515,14729.906,525.732,17601.119,525.473,10998.645,525.732,16222.721,525.732,10125.438
526.678,10703.861,526.46,14683.278,526.678,17580.992,526.418,10973.902,526.678,16047.809,526.678,10080.829
527.623,10674.756,527.405,14700.821,527.623,17538.758,527.363,10980.417,527.623,16424.363,527.623,9881.589
528.569,10730.237,528.35,14709.812,528.569,17562.34,528.308,10968.906,528.569,16333.815,528.569,9985.781
529.515,10733.833,529.295,14707.763,529.515,17551.793,529.254,10994.434,529.514,16148.569,529.514,10038.723
530.46,10728.622,530.24,14672.513,530.46,17548.504,530.199,10976.979,530.46,16160.751,530.46,9936.935
531.406,10715.746,531.186,14684.202,531.406,17500.889,531.144,10954.143,531.406,16467.828,531.406,10016.018
532.351,10709.963,532.131,14685.619,532.351,17457.434,532.089,10988.336,532.351,16123.812,532.351,9897.46
533.297,10753.154,533.076,14677.845,533.297,17532.951,533.034,10995.21,533.297,16000.926,533.297,10071.179
534.242,10697.228,534.021,14702.01,534.242,17501.527,533.979,10970.162,534.242,16216.307,534.242,10036.381
535.188,10700.025,534.966,14693.412,535.188,17492.115,534.924,10984.824,535.188,16161.691,535.188,9899.882
536.133,10670.974,535.911,14675.837,536.133,17476.771,535.869,10981.069,536.133,16028.524,536.133,10016.805
537.079,10720.62,536.857,14686.856,537.079,17510.846,536.814,10994.048,537.079,16166.21,537.079,9865.177
538.025,10688.418,537.802,14723.162,538.025,17527.9,537.759,10960.168,538.025,16063.039,538.025,9938.034
538.97,10695.278,538.747,14702.892,538.97,17475.131,538.705,10972.958,538.97,15889.043,538.97,9885.368
539.916,10691.098,539.692,14713.857,539.916,17488.203,539.65,10982.261,539.916,16010.624,539.916,9933.433
540.861,10667.209,540.637,14688.042,540.861,17513.061,540.595,10981.378,540.861,16031.265,540.861,9751.22
541.807,10674.58,541.583,14670.367,541.807,17481.965,541.54,10952.854,541.807,15829.947,541.807,9901.621
542.752,10702.746,542.528,14683.434,542.752,17565.408,542.485,10971.584,542.752,16025.333,542.752,9991.852
543.698,10722.496,543.473,14702.173,543.698,17520.051,543.43,10979.827,543.698,15974.335,543.698,9928.043
544.644,10686.792,544.418,14690.137,544.644,17532.396,544.375,10954.886,544.643,16084.42,544.643,10009.925
545.589,10659.413,545.363,14719.277,545.589,17492.713,545.32,11010.554,545.589,15796.931,545.589,9885.934
546.535,10700.028,546.308,14690.395,546.535,17528.754,546.265,10954.642,546.535,16013.407,546.535,9825.214
547.48,10682.867,547.254,14712.359,547.48,17496.9,547.21,10991.935,547.48,15965.249,547.48,9957.61
548.426,10682.695,548.199,14689.194,548.426,17536.85,548.155,10966.249,548.426,16110.029,548.426,9579.88
549.371,10659.375,549.144,14684.846,549.371,17499.055,549.101,10965.608,549.371,16007.791,549.371,9801.02
550.317,10692.582,550.089,14649.917,550.317,17525.74,550.046,10980.983,550.317,15912.963,550.317,9777.338
551.262,10673.873,551.034,14693.209,551.262,17509.781,550.991,10973.057,551.262,15997.56,551.262,9787.676
552.208,10658.495,551.979,14663.243,552.208,17526.34,551.936,10971.513,552.208,16126.526,552.208,9713.982
553.154,10664.249,552.925,14679.645,553.154,17504.947,552.881,10990.766,553.154,16277.814,553.154,9786.006
554.099,10656.764,553.87,14667.524,554.099,17501.25,553.826,10978.291,554.099,16094.769,554.099,9630.643
555.045,10683.791,554.815,14639.449,555.045,17545.648,554.771,10974.68,555.045,16011.246,555.045,9659.406
555.99,10687.001,555.76,14671.04,555.99,17511.619,555.716,10989.316,555.99,16248.734,555.99,9651.502
556.936,10682.955,556.705,14700.384,556.936,17491.016,556.661,10966.926,556.936,16310.824,556.936,9734.053
557.881,10650.228,557.65,14714.567,557.881,17515.611,557.606,10980.678,557.881,16121.033,557.881,9710.458
558.827,10695.398,558.596,14675.103,558.827,17457.85,558.552,10974.079,558.827,16089.262,558.827,9599.414
559.773,10675.595,559.541,14697.563,559.773,17534.057,559.497,10984.202,559.772,16056.056,559.772,9873.138
560.718,10657.107,560.486,14665.561,560.718,17543.385,560.442,10955.33,560.718,16207.211,560.718,9655.539
561.664,10653.913,561.431,14672.627,561.664,17521.438,561.387,10996.728,561.664,16237.523,561.664,9543.38
562.609,10674.324,562.376,14678.605,562.609,17567.035,562.332,10971.182,562.609,16182.665,562.609,9762.67
563.555,10679.396,563.321,14663.2,563.555,17498.211,563.277,10956.279,563.555,16034.597,563.555,9635.473
564.5,10655.162,564.267,14667.935,564.5,17511.705,564.222,10946.021,564.5,15920.179,564.5,9741.845
565.446,10611.087,565.212,14663.729,565.446,17479.918,565.167,10992.552,565.446,15959.504,565.446,9757.05
566.391,10658.245,566.157,14687.552,566.391,17503.703,566.112,10970.767,566.391,16249.193,566.391,9588.939
567.337,10595.648,567.102,14666.151,567.337,17493.799,567.057,10968.585,567.337,15891.383,567.337,9555.282
568.283,10658.062,568.047,14688.883,568.283,17528.605,568.003,10945.27,568.283,16106.64,568.283,9617.095
569.228,10637.13,568.992,14669.846,569.228,17494.068,568.948,10951.377,569.228,16035.065,569.228,9573.372
570.174,10633.943,569.938,14674.316,570.174,17497.969,569.893,10956.615,570.174,16053.259,570.174,9650.998
571.119,10655.931,570.883,14674.462,571.119,17554.586,570.838,10965.348,571.119,15910.163,571.119,9654.173
572.065,10647.258,571.828,14668.966,572.065,17497.24,571.783,10929.98,572.065,15997.489,572.065,9527.472
573.01,10670.897,572.773,14661.142,573.01,17535.008,572.728,10961.33,573.01,16149.44,573.01,9701.023
573.956,10674.298,573.718,14667.611,573.956,17559.104,573.673,10958.35,573.956,16206.05,573.956,9591.055
574.901,10654.337,574.663,14651.922,574.901,17524.178,574.618,10962.341,574.901,15895.284,574.901,9509.728
575.847,10582.288,575.609,14675.697,575.847,18060.551,575.563,10959.985,575.847,15878.912,575.847,9483.646
576.793,10601.257,576.554,14655.233,576.793,17560,576.508,10942.743,576.793,16008.419,576.793,9630.822
577.738,10597.313,577.499,14649.311,577.738,17531.934,577.453,10916.728,577.738,16081.498,577.738,9465.759
578.684,10620.963,578.444,14656.405,578.684,17591.723,578.399,10944.797,578.684,15968.483,578.684,9558.111
579.629,10636.939,579.389,14633.723,579.629,17547.744,579.344,10968.231,579.629,16007.101,579.629,9470.06
580.575,10617.267,580.334,14619.045,580.575,17561.699,580.289,10944.257,580.575,16098.455,580.575,9579.713
581.52,10634.558,581.28,14620.084,581.52,17563.281,581.234,10953.927,581.52,16129.592,581.52,9497.506
582.466,10597.979,582.225,14650.249,582.466,17544.014,582.179,10949.188,582.466,15948.426,582.466,9463.887
583.412,10624.255,583.17,14613.717,583.412,17584.303,583.124,10965.827,583.411,15936.602,583.411,9516.604
584.357,10593.563,584.115,14633.555,584.357,17562.951,584.069,10959.215,584.357,16041.408,584.357,9512.28
585.303,10625.786,585.06,14623.812,585.303,17537.904,585.014,10959.055,585.303,15953.605,585.303,9523.729
586.248,10635.584,586.005,14611.896,586.248,17533.119,585.959,10929.055,586.248,16020.104,586.248,9409.61
587.194,10613.742,586.951,14645.646,587.194,17544.367,586.904,10954.314,587.194,16013.639,587.194,9342.125
588.139,10633.45,587.896,14616.678,588.139,17537.039,587.849,10909.642,588.139,16051.661,588.139,9524.729
589.085,10631.134,588.841,14637.929,589.085,17542.598,588.795,10937.3,589.085,15974.649,589.085,9367.654
590.031,10613.815,589.786,14662.779,590.031,17589.137,589.74,10943.315,590.03,16103.372,590.03,9369.88
590.976,10621.562,590.731,14636.84,590.976,17546.143,590.685,10931.117,590.976,15915.763,590.976,9385.201
591.922,10629.643,591.677,14644.726,591.922,17523,591.63,10921.713,591.922,15894.196,591.922,9473.841
592.867,10610.749,592.622,14648.224,592.867,17563.729,592.575,10910.709,592.867,15743.186,592.867,9509.205
593.813,10609.371,593.567,14627.452,593.813,17547.826,593.52,10910.841,593.813,15798.927,593.813,9380.069
594.758,10616.165,594.512,14638.367,594.758,17580.654,594.465,10916.907,594.758,16090.947,594.758,9448.187
595.704,10585.194,595.457,14650.025,595.704,17580.168,595.41,10904.178,595.704,15781.085,595.704,9441.666
596.649,10612.737,596.402,14632.206,596.649,17565.568,596.355,10938.567,596.649,16018.151,596.649,9316.711
597.595,10583.714,597.348,14628.84,597.595,17538.07,597.3,10936.849,597.595,15932.512,597.595,9353.934
598.541,10605.663,598.293,14664.512,598.541,17555.451,598.246,10902.158,598.54,15881.732,598.54,9391.106
599.486,10578.228,599.238,14664.416,599.486,17540.102,599.191,10911.021,599.486,15900.016,599.486,9378.203
600.432,10569.969,600.183,14666.132,600.432,17572.902,600.136,10904.471,600.432,15781.825,600.432,9308.982
601.377,10614.274,601.128,14654.955,601.377,17540.088,601.081,10926.252,601.377,15863.644,601.377,9190.158
602.323,10561.03,602.073,14674.636,602.323,17561.049,602.026,10897.893,602.323,15877.738,602.323,9266.098
603.268,10604.424,603.019,14649.376,603.268,17553.377,602.971,10911.029,603.268,16063.586,603.268,9315.08
604.214,10625.004,603.964,14651.127,604.214,17568.182,603.916,10916.384,604.214,16063.132,604.214,9309.37
605.159,10571.677,604.909,14645.015,605.159,17551.701,604.861,10900.614,605.159,15995.926,605.159,9341.065
606.105,10581.282,605.854,14643.115,606.105,17503.314,605.806,10919.875,606.105,15924.574,606.105,9315.021
607.051,10551.454,606.799,14644.838,607.051,17581.057,606.751,10893.884,607.051,15808.537,607.051,9274.222
607.996,10588.377,607.744,14658.306,607.996,17614.562,607.697,10901.149,607.996,15726.951,607.996,9303.154
608.942,10562.967,608.69,14658.149,608.942,17721.826,608.642,10931.152,608.942,15777.182,608.942,9330.223
609.887,10585.829,609.635,14671.405,609.887,17887.496,609.587,10903.683,609.887,15925.088,609.887,9170.71
610.833,10623.8,610.58,14631.476,610.833,18057.314,610.532,10915.592,610.833,15767.697,610.833,9247.433
611.778,10609.486,611.525,14629.416,611.778,18286.098,611.477,10930.44,611.778,15850.478,611.778,9291.166
612.724,10578.334,612.47,14670.211,612.724,18416.523,612.422,10910.964,612.724,15644.789,612.724,9157.497
613.67,10576.329,613.415,14674.637,613.67,18586.428,613.367,10908.812,613.669,15757.939,613.669,9234.347
614.615,10581.234,614.361,14630.233,614.615,18685.33,614.312,10892.485,614.615,15678.912,614.615,9266.676
615.561,10575.905,615.306,14667.212,615.561,18715.873,615.257,10915.787,615.561,15697.07,615.561,9218.674
616.506,10581.44,616.251,14638.398,616.506,18735.812,616.202,10893.59,616.506,15721.846,616.506,9258.5
617.452,10583.764,617.196,14622.176,617.452,18804.998,617.147,10876.287,617.452,15819.926,617.452,9311.354
618.397,10575.632,618.141,14640.848,618.397,18793.621,618.093,10885.599,618.397,15876.287,618.397,9147.163
619.343,10572.673,619.086,14649.73,619.343,18846.174,619.038,10907.169,619.343,15747.09,619.343,9238.231
620.288,10575.672,620.032,14642.226,620.288,18857.176,619.983,10915.108,620.288,15756.084,620.288,9191.886
621.234,10575.428,620.977,14615.092,621.234,18869.109,620.928,10899.806,621.234,15731.335,621.234,9277.921
622.18,10562.955,621.922,14647.272,622.18,18834.744,621.873,10872.452,622.18,15789.377,622.18,9321.799
623.125,10556.215,622.867,14631.267,623.125,18824.875,622.818,10911.98,623.125,15625.775,623.125,9173.095
624.071,10543.404,623.812,14643.908,624.071,18899.439,623.763,10890.885,624.071,15622.039,624.071,9155.879
625.016,10566.615,624.758,14629.623,625.016,18914.9,624.708,10907.75,625.016,15739.454,625.016,9295.153
625.962,10537.854,625.703,14645.628,625.962,18907.395,625.653,10934.688,625.962,15662.072,625.962,9148.856
626.907,10573.788,626.648,14649.426,626.907,18906.352,626.598,10897.227,626.907,15573.962,626.907,9169.909
627.853,10569.869,627.593,14616.587,627.853,18959.557,627.544,10884.659,627.853,15738.844,627.853,9091.891
628.799,10391.248,628.538,14632.165,628.799,18951.582,628.489,10887.078,628.798,15785.151,628.798,9088.941
629.744,10419.971,629.483,14658.133,629.744,18928.428,629.434,10887.626,629.744,15711.318,629.744,9055.305
630.69,10453.921,630.429,14635.127,630.69,18943.365,630.379,10883.82,630.69,15725.438,630.69,9215.719
631.635,10518.492,631.374,14628.131,631.635,18949.67,631.324,10904.4,631.635,15873.471,631.635,9069.396
632.581,10508.137,632.319,14617.49,632.581,18945.453,632.269,10900.955,632.581,15780.461,632.581,9132.034
633.526,10517.976,633.264,14642.588,633.526,18955.92,633.214,10872.818,633.526,15410.105,633.526,9072.578
634.472,10500.855,634.209,14646.708,634.472,18901.943,634.159,10879.298,634.472,15666.897,634.472,9074.689
635.417,10495.475,635.154,14630.709,635.417,18963.947,635.104,10902.5,635.417,15906.459,635.417,8985.893
636.363,10502.199,636.1,14566.175,636.363,19034.582,636.049,10894.628,636.363,15689.036,636.363,9003.536
637.309,10496.527,637.045,14646.404,637.309,18952.281,636.994,10884.315,637.309,15607.851,637.309,9006.427
638.254,10538.941,637.99,14630.305,638.254,18944.057,637.94,10880.036,638.254,15835.434,638.254,9125.719
639.2,10548.214,638.935,14641.355,639.2,18989.225,638.885,10899.035,639.2,15688.321,639.2,9159.82
640.145,10528.322,639.88,14648.368,640.145,18910.561,639.83,10879.284,640.145,16073.154,640.145,9061.646
641.091,10534.481,640.825,14626.874,641.091,18925.891,640.775,10891.402,641.091,15538.185,641.091,9051.48
642.036,10550.421,641.771,14624.573,642.036,18900.703,641.72,10869.864,642.036,15659.07,642.036,9075.779
642.982,10533.465,642.716,14625.257,642.982,18966.285,642.665,10887.518,642.982,15620.479,642.982,8997.666
643.928,10525.615,643.661,14586.409,643.928,18942.914,643.61,10909.926,643.927,15529.872,643.927,9060.378
644.873,10512.681,644.606,14583.893,644.873,18961.541,644.555,10873.191,644.873,15515.471,644.873,9008.007
645.819,10540.84,645.551,14617.364,645.819,18987.871,645.5,10899.583,645.819,15687.303,645.819,9123.974
646.764,10534.024,646.496,14570.423,646.764,18962.662,646.445,10905.81,646.764,15758.479,646.764,8949.667
647.71,10551.024,647.442,14610.127,647.71,18934.084,647.391,10894.642,647.71,15559.323,647.71,8993.337
648.655,10538.352,648.387,14598.979,648.655,18925.201,648.336,10869.539,648.655,15544.371,648.655,8940.724
649.601,10537.482,649.332,14610.984,649.601,18988.035,649.281,10877.536,649.601,15667.432,649.601,9058.716
650.546,10540.136,650.277,14600.399,650.546,18955.217,650.226,10868.903,650.546,15723.446,650.546,9008.494
651.492,10513.743,651.222,14611.178,651.492,18947.33,651.171,10880.661,651.492,15675.017,651.492,8775.39
652.438,10529.258,652.167,14643.14,652.438,18925.764,652.116,10875.555,652.438,15467.847,652.438,8956.773
653.383,10502.744,653.113,14576.198,653.383,18974.414,653.061,10862.922,653.383,15615.847,653.383,8863.646
654.329,10520.546,654.058,14587.274,654.329,18981.707,654.006,10885.031,654.329,15418.688,654.329,9023.359
655.274,10550.736,655.003,14585.388,655.274,18954.348,654.951,10866.46,655.274,15480.667,655.274,8982.308
656.22,10532.528,655.948,14573.421,656.22,18938.781,655.896,10892.322,656.22,15597.167,656.22,8946.285
657.165,10519.714,656.893,14580.254,657.165,18909.855,656.841,10861.877,657.165,15634.437,657.165,9036.828
658.111,10537.024,657.838,14571.988,658.111,18944.67,657.787,10886.896,658.111,15490.637,658.111,9128.343
659.057,10546.453,658.784,14585.049,659.057,18948.074,658.732,10896.903,659.056,15617.567,659.056,8955.638
660.002,10517.813,659.729,14600.618,660.002,18947.881,659.677,10885.501,660.002,15425.094,660.002,9058.37
660.948,10505.691,660.674,14584.727,660.948,18958.582,660.622,10932.576,660.948,15639.282,660.948,9040.034
661.893,10488.312,661.619,14572.329,661.893,18973.893,661.567,10894.214,661.893,15418.533,661.893,8942.43
662.839,10503.031,662.564,14573.131,662.839,18936.164,662.512,10871.161,662.839,15551.167,662.839,8987.682
663.784,10508.729,663.509,14580.183,663.784,18965.682,663.457,10857.404,663.784,15531.189,663.784,8914.496
664.73,10532.289,664.455,14581.582,664.73,18963.727,664.402,10886.183,664.73,15598.36,664.73,8864.017
665.675,10504.571,665.4,14609.011,665.675,18917.016,665.347,10882.189,665.675,15693.894,665.675,8998.53
666.621,10494.008,666.345,14580.344,666.621,18930.064,666.292,10874.776,666.621,15678.181,666.621,9126.67
667.567,10497.348,667.29,14591.376,667.567,18897.816,667.238,10902.599,667.566,15521.902,667.566,8956.272
668.512,10538.548,668.235,14581.768,668.512,18945.996,668.183,10883.518,668.512,15586.707,668.512,8933.284
669.458,10492.492,669.18,14570.188,669.458,18929.184,669.128,10888.27,669.458,15604.642,669.458,8913.235
670.403,10492.459,670.126,14560.724,670.403,18931.969,670.073,10879.533,670.403,15618.125,670.403,8818.356
671.349,10527.334,671.071,14588.229,671.349,18871.904,671.018,10894.091,671.349,15717.017,671.349,8825.28
672.294,10514.545,672.016,14577.917,672.294,18880.783,671.963,10890.838,672.294,15342.83,672.294,8916.617
673.24,10518.924,672.961,14576.385,673.24,18906.812,672.908,10890.383,673.24,15570.401,673.24,8978.638
674.185,10499.456,673.906,14579.397,674.185,18939.674,673.853,10905.125,674.185,15453.598,674.185,8955.713
675.131,10484.626,674.852,14577.148,675.131,18907.498,674.798,10895.829,675.131,15507.532,675.131,8975.125
676.077,10496.239,675.797,14569.214,676.077,18906.637,675.743,10879.031,676.077,15342.917,676.077,8884.954
677.022,10508.93,676.742,14581.663,677.022,18874.928,676.688,10887.982,677.022,15456.113,677.022,8938.654
677.968,10472.273,677.687,14560.75,677.968,18911.01,677.634,10872.712,677.968,15580.056,677.968,8936.219
678.913,10472.871,678.632,14574.188,678.913,18866.725,678.579,10884.638,678.913,15604.481,678.913,9029.386
679.859,10487.105,679.577,14593.51,679.859,18867.783,679.524,10868.202,679.859,15471.808,679.859,9034.183
680.804,10493.844,680.523,14557.507,680.804,18881.604,680.469,10880.245,680.804,15656.275,680.804,8942.483
681.75,10494.854,681.468,14591.866,681.75,18660.988,681.414,10862.016,681.75,15699.173,681.75,8858.332
682.696,10445.354,682.413,14588.396,682.696,18814.439,682.359,10871.999,682.695,15604.037,682.695,8988.818
683.641,10489.487,683.358,14553.164,683.641,18845.379,683.304,10851.82,683.641,15272.141,683.641,9000.264
684.587,10468.042,684.303,14574.462,684.587,18839.438,684.249,10877.301,684.587,15276.199,684.587,8958.213
685.532,10486.908,685.248,14584.002,685.532,18801.555,685.194,10895.39,685.532,15567.135,685.532,8777.287
686.478,10444.169,686.194,14572.163,686.478,18846.562,686.139,10875.398,686.478,15530.959,686.478,8955.687
687.423,10491.491,687.139,14602.321,687.423,18779.396,687.085,10867.52,687.423,15646.777,687.423,8821.013
688.369,10455.812,688.084,14561.774,688.369,18797.791,688.03,10905.864,688.369,15396.73,688.369,8812.852
689.315,10475.602,689.029,14563.248,689.315,18777.752,688.975,10895.416,689.314,15300.886,689.314,8747.925
690.26,10475.767,689.974,14593.443,690.26,18808.305,689.92,10909.916,690.26,15336.499,690.26,8832.588
691.206,10472.911,690.919,14568.99,691.206,18806.99,690.865,10879.447,691.206,15352.043,691.206,8813.896
692.151,10449.053,691.865,14584.393,692.151,18774.248,691.81,10882.887,692.151,15368.759,692.151,8655.662
693.097,10479.776,692.81,14586.696,693.097,18743.559,692.755,10880.327,693.097,15339.719,693.097,8731.527
694.042,10477.486,693.755,14575.696,694.042,18745.486,693.7,10868.886,694.042,15278.554,694.042,8779.446
694.988,10457.088,694.7,14552.091,694.988,18746.615,694.645,10895.671,694.988,15395.553,694.988,8821.345
695.933,10473.289,695.645,14575.474,695.933,18761.211,695.59,10882.026,695.933,15423.708,695.933,8751.444
696.879,10472.973,696.59,14585.439,696.879,18735.59,696.536,10878.055,696.879,15424.712,696.879,8825.284
697.825,10459.842,697.536,14602.521,697.825,18788.238,697.481,10906.429,697.824,15523.787,697.824,8779.28
698.77,10438.412,698.481,14587.38,698.77,18747.459,698.426,10933.054,698.77,15403.648,698.77,8714.079
699.716,10481.817,699.426,14582.38,699.716,18782.312,699.371,10925.292,699.716,15316.419,699.716,8777.466
700.661,10442.872,700.371,14596.966,700.661,18790.357,700.316,10901.714,700.661,15269.338,700.661,8770.771
701.607,10446.224,701.316,14581.367,701.607,18740.689,701.261,10897.407,701.607,15280.131,701.607,8723.539
702.552,10447.339,702.261,14622.431,702.552,18751.189,702.206,10897.081,702.552,15454.393,702.552,8898.065
703.498,10455.649,703.207,14599.432,703.498,18644.471,703.151,10873.747,703.498,15650.484,703.498,8766.448
704.443,10468.826,704.152,14610.164,704.443,18765.875,704.096,10887.452,704.443,15317.937,704.443,8777.976
705.389,10453.135,705.097,14613.431,705.389,18770.422,705.041,10908.597,705.389,15475.682,705.389,8737.232
706.335,10481.323,706.042,14564.979,706.335,18717.604,705.986,10906.989,706.335,15658.91,706.335,8792.654
707.28,10433.097,706.987,14602.375,707.28,18688.361,706.932,10890.706,707.28,15413.796,707.28,8712.668
708.226,10428.641,707.932,14608.147,708.226,18722.492,707.877,10886.319,708.226,15387.72,708.226,8748.031
709.171,10414.472,708.878,14591.178,709.171,18724.785,708.822,10917.551,709.171,15719.259,709.171,8627.775
710.117,10433.858,709.823,14581.369,710.117,18642.064,709.767,10908.775,710.117,15301.311,710.117,8743.349
711.062,10440.294,710.768,14602.244,711.062,18747.406,710.712,10896.13,711.062,15454.181,711.062,8723.771
712.008,10396.661,711.713,14602.096,712.008,18770.1,711.657,10887.705,712.008,15443.392,712.008,8665.484
712.954,10415.795,712.658,14569.079,712.954,18734.201,712.602,10901.584,712.953,15388.396,712.953,8647.511
713.899,10405.401,713.603,14603.552,713.899,18692.77,713.547,10902.516,713.899,15383.185,713.899,8557.235
714.845,10418.783,714.549,14567.77,714.845,18751.918,714.492,10901.63,714.845,15171.39,714.845,8744.178
715.79,10444.743,715.494,14564.665,715.79,18729.754,715.437,10906.407,715.79,15441.427,715.79,8568.355
716.736,10447.015,716.439,14579.367,716.736,18703.879,716.383,10901.23,716.736,15500.646,716.736,8617.327
717.681,10415.879,717.384,14567.277,717.681,18699.865,717.328,10889.906,717.681,15541.7,717.681,8592.866
718.627,10418.204,718.329,14568.969,718.627,18712.531,718.273,10900.914,718.627,15442.279,718.627,8694.72
719.572,10422.7,719.274,14541.214,719.572,18700.152,719.218,10898.286,719.572,15324.711,719.572,8561.414
720.518,10430.714,720.22,14576.417,720.518,18690.236,720.163,10893.039,720.518,15169.089,720.518,8638.575
721.464,10423.646,721.165,14570.672,721.464,18661.268,721.108,10894.85,721.464,15444.509,721.464,8516.523
722.409,10463.3,722.11,14545.559,722.409,18672.828,722.053,10904.209,722.409,15506.146,722.409,8655.743
723.355,10446.825,723.055,14562.077,723.355,18657.465,722.998,10907.641,723.355,15441.875,723.355,8628.77
724.3,10408.324,724,14598.04,724.3,18647.137,723.943,10875.727,724.3,15292.344,724.3,8478.946
725.246,10420.938,724.945,14576.348,725.246,18672.244,724.888,10904.228,725.246,15502.52,725.246,8654.114
726.191,10434.389,725.891,14575.555,726.191,18661.455,725.833,10913.666,726.191,15287.696,726.191,8516.659
727.137,10393.939,726.836,14594.305,727.137,18692.287,726.779,10911.993,727.137,15412.914,727.137,8580.375
728.083,10385.553,727.781,14573.132,728.083,18656.029,727.724,10925.713,728.082,15246.213,728.082,8504.66
729.028,10397.026,728.726,14591.708,729.028,18686.238,728.669,10910.178,729.028,15243.255,729.028,8525.504
729.974,10367.06,729.671,14571.547,729.974,18644.336,729.614,10901.222,729.974,15228.538,729.974,8637.346
730.919,10351.092,730.617,14530.618,730.919,18595.025,730.559,10898.475,730.919,15268.829,730.919,8466
731.865,10384.866,731.562,14557.327,731.865,18575.037,731.504,10905.031,731.865,15204.315,731.865,8528.712
732.81,10415.756,732.507,14569.325,732.81,18598.176,732.449,10880.754,732.81,15251.964,732.81,8548.012
733.756,10418.433,733.452,14558.248,733.756,18602.68,733.394,10903.304,733.756,15445.009,733.756,8461.784
734.701,10354.111,734.397,14553.201,734.701,18629.924,734.339,10879.557,734.701,15401.655,734.701,8611.547
735.647,10375.229,735.342,14571.691,735.647,18609.555,735.284,10897.489,735.647,15450.716,735.647,8571.86
736.593,10398.719,736.288,14567.289,736.593,18635.461,736.229,10913.492,736.592,15277.996,736.592,8546.842
737.538,10428.584,737.233,14573.121,737.538,18565.572,737.175,10907.837,737.538,15408.255,737.538,8510.551
738.484,10407.558,738.178,14574.727,738.484,18606.674,738.12,10909.307,738.484,15299.179,738.484,8582.409
739.429,10364.545,739.123,14530.598,739.429,18618.85,739.065,10891.795,739.429,14985.938,739.429,8421.193
740.375,10391.491,740.068,14542.057,740.375,18574.998,740.01,10874.262,740.375,15078.545,740.375,8557.763
741.32,10386.756,741.013,14561.698,741.32,18568.291,740.955,10897.338,741.32,15231.161,741.32,8564.696
742.266,10385.43,741.959,14558.473,742.266,18555.229,741.9,10886.184,742.266,15369.655,742.266,8479.799
743.211,10384.339,742.904,14589.384,743.211,18543.705,742.845,10866.143,743.211,15277.305,743.211,8319.97
744.157,10389.686,743.849,14557.427,744.157,18602.479,743.79,10910.729,744.157,15188.52,744.157,8430.624
745.103,10369.327,744.794,14538.523,745.103,18572.768,744.735,10893.272,745.103,15129.8,745.103,8394.713
746.048,10358.38,745.739,14555.729,746.048,18542.742,745.68,10878.52,746.048,15220.656,746.048,8408.724
746.994,10368.263,746.684,14570.869,746.994,18564.631,746.626,10862.065,746.994,15135.221,746.994,8482.281
747.939,10335.246,747.63,14570.448,747.939,18606.627,747.571,10883.569,747.939,15110.618,747.939,8358.655
748.885,10369.776,748.575,14572.692,748.885,18561.029,748.516,10874.528,748.885,15098.675,748.885,8329.414
749.83,10379.996,749.52,14589.663,749.83,18542.402,749.461,10864.767,749.83,15192.386,749.83,8482.36
750.776,10343.243,750.465,14554.858,750.776,18565.408,750.406,10881.508,750.776,15429.594,750.776,8416.041
751.722,10321.137,751.41,14583.661,751.722,18508.826,751.351,10875.775,751.721,15276.954,751.721,8398.348
752.667,10338.599,752.355,14581.24,752.667,18539.424,752.296,10868.938,752.667,15160.854,752.667,8336.098
753.613,10367.609,753.301,14603.953,753.613,18533.939,753.241,10882.52,753.613,15236.299,753.613,8331.558
754.558,10369.969,754.246,14567.333,754.558,18533.059,754.186,10836.11,754.558,15116.795,754.558,8373.429
755.504,10392.405,755.191,14551.951,755.504,18478.738,755.131,10871.874,755.504,14996.438,755.504,8468.715
756.449,10363.495,756.136,14587.621,756.449,18541.205,756.077,10838.495,756.449,15164.068,756.449,8474.787
757.395,10357.451,757.081,14584.465,757.395,18521.191,757.022,10881.909,757.395,15197.993,757.395,8363.361
758.341,10359.012,758.026,14577.837,758.341,18473.916,757.967,10878.069,758.34,15189.185,758.34,8400.854
759.286,10337.063,758.972,14551.124,759.286,18517.73,758.912,10870.6,759.286,15108.771,759.286,8429.563
760.232,10317.996,759.917,14570.062,760.232,18517.104,759.857,10881.861,760.232,15048.074,760.232,8375.714
761.177,10361.346,760.862,14570.796,761.177,18508.055,760.802,10866.857,761.177,15358.489,761.177,8380.696
762.123,10318.896,761.807,14569.361,762.123,18498.158,761.747,10865.581,762.123,15291.242,762.123,8300.11
763.068,10373.087,762.752,14564.407,763.068,18484.387,762.692,10846.286,763.068,15175.579,763.068,8479.686
764.014,10333.192,763.698,14544.222,764.014,18495.354,763.637,10878.429,764.014,15067.659,764.014,8303.289
764.959,10328.382,764.643,14564.071,764.959,18501.012,764.582,10872.338,764.959,15448.064,764.959,8316.628
765.905,10331.752,765.588,14555.089,765.905,18419.188,765.527,10916.574,765.905,15077.117,765.905,8383.072
766.851,10348.143,766.533,14579.739,766.851,18509.117,766.473,10886.062,766.85,15060.015,766.85,8377.363
767.796,10312.036,767.478,14584.483,767.796,18444.822,767.418,10871.442,767.796,15180.263,767.796,8350.5
768.742,10306.709,768.423,14548.395,768.742,18429.994,768.363,10849.356,768.742,15059.653,768.742,8289.816
769.687,10353.808,769.369,14546.42,769.687,18460.074,769.308,10865.516,769.687,15061.64,769.687,8325.981
770.633,10334.202,770.314,14552.068,770.633,18448.219,770.253,10865.28,770.633,15002.929,770.633,8351.175
771.578,10346.595,771.259,14557.5,771.578,18422.943,771.198,10866.396,771.578,15193.417,771.578,8458.809
772.524,10336.338,772.204,14561.639,772.524,18469.168,772.143,10843.181,772.524,15310.041,772.524,8288.386
773.469,10336.376,773.149,14585.247,773.469,18447.275,773.088,10850.016,773.469,15321.998,773.469,8240.109
774.415,10362.726,774.094,14573.267,774.415,18425.826,774.033,10871.734,774.415,15018.015,774.415,8322.137
775.361,10359.852,775.04,14558.056,775.361,18449.859,774.978,10870.512,775.36,15205.184,775.36,8403.308
776.306,10356.166,775.985,14551.204,776.306,18457.738,775.924,10825.004,776.306,15187.817,776.306,8286.73
777.252,10330.235,776.93,14544.763,777.252,18447.523,776.869,10842.462,777.252,14746.438,777.252,8299.645
778.197,10310.745,777.875,14539.339,778.197,18405.477,777.814,10840.889,778.197,15080.138,778.197,8281.271
779.143,10320.726,778.82,14543.163,779.143,18439.424,778.759,10851.166,779.143,15116.769,779.143,8336.391
780.088,10316.979,779.765,14547.937,780.088,18418.904,779.704,10867.508,780.088,15062.431,780.088,8309.992
781.034,10304.387,780.711,14555.352,781.034,18384.238,780.649,10871.173,781.034,15001.032,781.034,8316.113
781.98,10308.31,781.656,14516.239,781.98,18420.4,781.594,10865.547,781.979,15166.076,781.979,8248.368
782.925,10319.594,782.601,14532.014,782.925,18405.549,782.539,10862.731,782.925,15016.572,782.925,8199.688
783.871,10310.568,783.546,14569.41,783.871,18375.836,783.484,10865.877,783.871,15185.392,783.871,8267.957
784.816,10313.163,784.491,14560.176,784.816,18400.42,784.429,10851.241,784.816,14979.591,784.816,8296.342
785.762,10290.224,785.436,14573.052,785.762,18381.057,785.375,10886.061,785.762,15019.158,785.762,8173.525
786.707,10251.522,786.382,14541.267,786.707,18233.092,786.32,10858.967,786.707,15083.821,786.707,8315.288
787.653,10266.15,787.327,14564.632,787.653,18375.92,787.265,10844.709,787.653,15019.291,787.653,8162.826
788.598,10288.164,788.272,14563.962,788.598,18375.67,788.21,10860.384,788.598,15091.723,788.598,8149.417
789.544,10292.308,789.217,14565.677,789.544,18394.43,789.155,10872.249,789.544,14995.707,789.544,8358.67
790.49,10322.975,790.162,14563.317,790.49,18402.719,790.1,10893.575,790.49,15275.368,790.49,8199.091
791.435,10273.786,791.107,14537.903,791.435,18328.961,791.045,10867.462,791.435,15135.677,791.435,8246.838
792.381,10245.54,792.053,14545.041,792.381,18372.852,791.99,10878.44,792.381,15024.007,792.381,8290.928
793.326,10286.896,792.998,14575.591,793.326,18340.393,792.935,10855.15,793.326,15089.89,793.326,8232.9
794.272,10286.805,793.943,14546.14,794.272,18336.746,793.88,10850.183,794.272,15018.133,794.272,8173.031
795.217,10265.874,794.888,14569.295,795.217,18374.572,794.825,10851.487,795.217,15205.128,795.217,8260.114
796.163,10297.152,795.833,14548.08,796.163,18344.336,795.771,10865.187,796.163,15007.631,796.163,8237.085
797.109,10249.423,796.778,14517.069,797.109,18336.266,796.716,10883.368,797.108,14859.488,797.108,8111.501
798.054,10289.917,797.724,14556.439,798.054,18358.012,797.661,10875.396,798.054,14996.12,798.054,8138.546
799,10275.732,798.669,14526.764,799,18350.035,798.606,10861.757,799,15099.171,799,8021.502
799.945,10295.71,799.614,14531.017,799.945,18366.385,799.551,10865.646,799.945,15268.616,799.945,8167.692
800.891,10267.483,800.559,14541.71,800.891,18332.961,800.496,10856.36,800.891,15065.132,800.891,8165.839
801.836,10258.378,801.504,14547.606,801.836,18364.549,801.441,10900.323,801.836,15143.117,801.836,8122.237
802.782,10265.572,802.449,14540.879,802.782,18327.105,802.386,10864.067,802.782,15094.336,802.782,8113.77
803.727,10295.062,803.395,14521.224,803.727,18324.916,803.331,10863.652,803.727,14990.177,803.727,8152.989
804.673,10237.403,804.34,14541.961,804.673,18302.607,804.276,10877.886,804.673,14973.975,804.673,8145.779
805.619,10279.017,805.285,14521.406,805.619,18249.086,805.221,10869.43,805.618,15135.56,805.618,8123.688
806.564,10296.136,806.23,14544.333,806.564,18291.738,806.167,10854.965,806.564,15100.681,806.564,8035.436
807.51,10265.357,807.175,14538.292,807.51,18292.336,807.112,10874.794,807.51,15296.107,807.51,8089.737
808.455,10241.043,808.12,14511.548,808.455,18327.475,808.057,10884.325,808.455,15207.754,808.455,8093.804
809.401,10265.395,809.066,14580.551,809.401,18383.014,809.002,10887.993,809.401,15050.481,809.401,8060.483
810.346,10254.715,810.011,14502.327,810.346,18273.215,809.947,10871.472,810.346,15266.961,810.346,8147.03
811.292,10265.233,810.956,14534.434,811.292,18306.941,810.892,10883.169,811.292,15190.241,811.292,8056.841
812.237,10277.724,811.901,14508.399,812.237,18294.545,811.837,10845.438,812.237,14992.974,812.237,8305.951
813.183,10234.706,812.846,14542.052,813.183,18293.256,812.782,10875.913,813.183,15105.641,813.183,8138.372
814.129,10269.77,813.792,14537.145,814.129,18330.436,813.727,10911.206,814.129,14958.421,814.129,8108.405
815.074,10240.347,814.737,14533.054,815.074,18287.709,814.672,10867.771,815.074,15098.233,815.074,8189.966
816.02,10248.406,815.682,14513.962,816.02,18279.719,815.618,10888.564,816.02,15182.641,816.02,8220.433
816.965,10235.957,816.627,14547.756,816.965,18297.664,816.563,10878.683,816.965,14962.219,816.965,8032.782
817.911,10235.512,817.572,14522.232,817.911,18258.41,817.508,10891.619,817.911,14934,817.911,8182.463
818.856,10188.438,818.517,14539.106,818.856,18243.004,818.453,10873.659,818.856,15064.275,818.856,8172.552
819.802,10240.766,819.463,14517.029,819.802,18281.867,819.398,10869.195,819.802,15146.752,819.802,8145.583
820.748,10162.811,820.408,14508.711,820.748,18262.691,820.343,10860.943,820.747,15196.356,820.747,8197.571
821.693,10222.945,821.353,14505.603,821.693,18273.83,821.288,10869.846,821.693,15175.787,821.693,8101.396
822.639,10210.813,822.298,14518.28,822.639,18256.715,822.233,10879.663,822.639,15065.87,822.639,8138.617
823.584,10280.574,823.243,14509.275,823.584,18276.834,823.178,10883.774,823.584,14837.643,823.584,8087.564
824.53,10229.679,824.188,14471.99,824.53,18241.592,824.123,10847.592,824.53,14850.789,824.53,8209.487
825.475,10227.26,825.134,14510.521,825.475,18309.07,825.068,10855.188,825.475,14946.735,825.475,8181.599
826.421,10222.999,826.079,14516.098,826.421,18260.621,826.014,10865.291,826.421,14954.234,826.421,8247.021
827.367,10216.362,827.024,14521.757,827.367,18257.105,826.959,10857.623,827.366,14852.734,827.366,8143.421
828.312,10205.919,827.969,14530.435,828.312,18249.018,827.904,10849.327,828.312,15083.124,828.312,8099.655
829.258,10190.695,828.914,14530.517,829.258,18267.273,828.849,10845.671,829.258,14772.722,829.258,7956.173
830.203,10238.646,829.859,14491.117,830.203,18275.258,829.794,10864.062,830.203,14874.207,830.203,8062.994
831.149,10216.462,830.805,14532.416,831.149,18256.41,830.739,10851.678,831.149,15062.821,831.149,7941.677
832.094,10218.359,831.75,14488.262,832.094,18237.848,831.684,10837.408,832.094,15049.247,832.094,8094.873
833.04,10192.037,832.695,14519.465,833.04,18276.191,832.629,10871.638,833.04,14992.024,833.04,8127.624
833.985,10214.572,833.64,14512.969,833.985,18231.715,833.574,10889.445,833.985,15037.55,833.985,7977.35
834.931,10199.253,834.585,14512.935,834.931,18258.283,834.519,10884.037,834.931,15084.651,834.931,8066.954
835.877,10228.97,835.53,14508.534,835.877,18181.256,835.465,10874.576,835.876,14963.777,835.876,8006.451
836.822,10201.831,836.476,14521.222,836.822,18258.23,836.41,10855.938,836.822,15029.281,836.822,8043.51
837.768,10222.664,837.421,14489.398,837.768,18198.254,837.355,10839.338,837.768,15282.275,837.768,7957.489
838.713,10195.377,838.366,14524.896,838.713,18235.68,838.3,10867.318,838.713,14929.451,838.713,7974.235
839.659,10183.859,839.311,14492.206,839.659,18233.84,839.245,10680.572,839.659,15094.13,839.659,7953.147
840.604,10229.738,840.256,14488.717,840.604,18210.186,840.19,10863.229,840.604,14986.188,840.604,7889.252
841.55,10170.879,841.201,14487.253,841.55,18213.029,841.135,10889.269,841.55,15053.06,841.55,8111.831
842.495,10202.002,842.147,14496.56,842.495,18203.252,842.08,10884.756,842.495,14947.165,842.495,8027.427
843.441,10166.572,843.092,14501.269,843.441,18141.396,843.025,10875.615,843.441,14867.315,843.441,7936.45
844.387,10175.657,844.037,14472.54,844.387,18181.643,843.97,10870.406,844.386,14757.701,844.386,8040.462
845.332,10162.192,844.982,14480.649,845.332,18122.684,844.916,10895.934,845.332,15090.839,845.332,7986.771
846.278,10137.987,845.927,14508.158,846.278,18132.795,845.861,10899.934,846.278,15145.67,846.278,7960.381
847.223,10166.288,846.872,14458.182,847.223,18133.684,846.806,10882.214,847.223,14817.855,847.223,7931.503
848.169,10176.944,847.818,14510.609,848.169,18137.99,847.751,10882.156,848.169,15081.94,848.169,7901.536
849.114,10162.996,848.763,14486.907,849.114,18137.33,848.696,10866.14,849.114,15014.421,849.114,7952.332
850.06,10157.361,849.708,14487.958,850.06,18110.588,849.641,10866.819,850.06,14766.769,850.06,7966.938
,,,,,,,,851.005,15005.116,851.005,7883.911
,,,,,,,,851.951,14915.099,851.951,7930.427
,,,,,,,,852.897,14991.786,852.897,8025.597
,,,,,,,,853.842,15139.605,853.842,8003.964
,,,,,,,,854.788,14882.132,854.788,8044.012
,,,,,,,,855.733,14738.267,855.733,7967.089
,,,,,,,,856.679,14821.173,856.679,8022.431
,,,,,,,,857.624,14892.077,857.624,8014.466
,,,,,,,,858.57,14892.699,858.57,7924.978
,,,,,,,,859.516,14739.288,859.516,8011.972
,,,,,,,,860.461,14856.113,860.461,7945.85
,,,,,,,,861.407,14994.028,861.407,7865.362
,,,,,,,,862.352,14768.26,862.352,7907.71
,,,,,,,,863.298,14661.516,863.298,7930.951
,,,,,,,,864.243,14892.392,864.243,7905.519
,,,,,,,,865.189,14913.689,865.189,8036.045
,,,,,,,,866.134,14851.851,866.134,7844.415
,,,,,,,,867.08,14997.699,867.08,7922.142
,,,,,,,,868.026,14861.498,868.026,7975.269
,,,,,,,,868.971,14877.843,868.971,7961.96
,,,,,,,,869.917,14982.755,869.917,7963.929
,,,,,,,,870.862,14917.502,870.862,7991.672
,,,,,,,,871.808,14907.862,871.808,7945.353
,,,,,,,,872.753,14927.938,872.753,7921.409
,,,,,,,,873.699,14926.234,873.699,7829.833
,,,,,,,,874.644,14838.841,874.644,7887.626
,,,,,,,,875.59,15016.111,875.59,7826.675
,,,,,,,,876.536,14801.211,876.536,7848.241
,,,,,,,,877.481,15011.064,877.481,7889.417
,,,,,,,,878.427,14840.241,878.427,7820.209
,,,,,,,,879.372,15030.566,879.372,7898.946
,,,,,,,,880.318,14934.783,880.318,7818.615
,,,,,,,,881.263,14687.505,881.263,7882.689
,,,,,,,,882.209,14839.995,882.209,7839.079
,,,,,,,,883.155,14832.432,883.155,7853.155
,,,,,,,,884.1,14684.173,884.1,7910.88
,,,,,,,,885.046,14720.65,885.046,7829.013
,,,,,,,,885.991,14881.667,885.991,7739.723
,,,,,,,,886.937,14918.701,886.937,7812.482
,,,,,,,,887.882,14895.272,887.882,7786.243
,,,,,,,,888.828,14758.109,888.828,7796.828
,,,,,,,,889.773,14981.399,889.773,7787.262
,,,,,,,,890.719,14753.058,890.719,7800.975
,,,,,,,,891.665,14698.131,891.665,7790.613
,,,,,,,,892.61,14978.322,892.61,7800.53
,,,,,,,,893.556,14814.783,893.556,7772.925
,,,,,,,,894.501,14834.261,894.501,7868.479
,,,,,,,,895.447,14667.562,895.447,7757.546
,,,,,,,,896.392,14753.172,896.392,7729.915
,,,,,,,,897.338,14956.687,897.338,7777.34
,,,,,,,,898.284,14775.756,898.284,7740.176
,,,,,,,,899.229,14717.518,899.229,7768.804
,,,,,,,,900.175,14854.339,900.175,7808.556
,,,,,,,,901.12,14737.96,901.12,7684.996
,,,,,,,,902.066,14537.138,902.066,7687.797
,,,,,,,,903.011,14757.048,903.011,7722.467
,,,,,,,,903.957,14792.249,903.957,7744.086
,,,,,,,,904.902,14703.306,904.902,7700.304
,,,,,,,,905.848,14739.336,905.848,7762.313
,,,,,,,,906.794,14846.326,906.794,7729.622
,,,,,,,,907.739,14767.08,907.739,7767.052
,,,,,,,,908.685,14962.822,908.685,7566.85
,,,,,,,,909.63,14612.739,909.63,7783.956
,,,,,,,,910.576,14852.861,910.576,7818.985
,,,,,,,,911.521,14861.205,911.521,7683.499
,,,,,,,,912.467,14625.563,912.467,7730.408
,,,,,,,,913.412,14649.234,913.412,7778.862
,,,,,,,,914.358,14633.245,914.358,7823.943
,,,,,,,,915.304,14704.514,915.304,7683.098
,,,,,,,,916.249,14707.445,916.249,7677.256
,,,,,,,,917.195,14407.985,917.195,7646.054
,,,,,,,,918.14,14474.932,918.14,7597.883
,,,,,,,,919.086,14492.668,919.086,7619.41
,,,,,,,,920.031,14516.506,920.031,7591.137
,,,,,,,,920.977,14623.076,920.977,7622.579
,,,,,,,,921.923,14308.617,921.923,7569.897
,,,,,,,,922.868,14704.693,922.868,7638.431
,,,,,,,,923.814,14723.88,923.814,7561.756
,,,,,,,,924.759,14813.623,924.759,7592.455
,,,,,,,,925.705,14734.315,925.705,7707.886
,,,,,,,,926.65,14718.625,926.65,7617.394
,,,,,,,,927.596,14530.484,927.596,7646.551
,,,,,,,,928.542,14498.078,928.542,7614.567
,,,,,,,,929.487,14574.823,929.487,7576.832
,,,,,,,,930.433,14625.242,930.433,7682.107
,,,,,,,,931.378,14515.745,931.378,7545.866
,,,,,,,,932.324,14521.908,932.324,7563.34
,,,,,,,,933.269,14509.761,933.269,7581.934
,,,,,,,,934.215,14392.363,934.215,7510.748
,,,,,,,,935.16,14483.841,935.16,7538.377
,,,,,,,,936.106,14730.86,936.106,7443.407
,,,,,,,,937.052,14730.899,937.052,7522.564
,,,,,,,,937.997,14596.594,937.997,7469.99
,,,,,,,,938.943,14746.733,938.943,7566.063
,,,,,,,,939.888,14532.904,939.888,7598.165
,,,,,,,,940.834,14632.181,940.834,7425.317
,,,,,,,,941.779,14551.537,941.779,7524.502
,,,,,,,,942.725,14636.612,942.725,7544.545
,,,,,,,,943.67,14572.952,943.67,7567.409
,,,,,,,,944.616,14611.564,944.616,7486.203
