X,Y,X,Y,X,Y,X,Y,X,Y
0,17933.445,0,7373.155,0,6665.853,0,5318.146,0,4896.128
0.946,18081.215,0.946,7171.022,0.946,6631.497,0.946,5180.154,0.946,4872.171
1.891,17882.035,1.891,7210.956,1.891,6651.875,1.891,5179.931,1.891,4893.503
2.837,17902.008,2.837,7291.293,2.837,6618.205,2.837,5187.278,2.837,4838.047
3.782,17644.232,3.782,7429.137,3.782,6627.092,3.782,5246.679,3.782,4898.293
4.728,17689.236,4.728,7433.502,4.728,6597.498,4.728,5229.977,4.728,4886.487
5.673,17862.07,5.673,7243.714,5.673,6563.727,5.673,5111.972,5.673,4868.498
6.619,17540.105,6.619,7443.398,6.619,6594.502,6.619,5180.596,6.619,4868.838
7.564,17551.469,7.564,7173.967,7.564,6537.664,7.564,5170.763,7.564,4845.855
8.51,17386.061,8.51,7137.016,8.51,6512.705,8.51,5174.193,8.51,4848.342
9.456,17307.752,9.456,7404.742,9.456,6511.638,9.456,5220.304,9.456,4820.663
10.401,17442.201,10.401,7237.157,10.401,6480.02,10.401,5226.628,10.401,4838.719
11.347,17289.223,11.347,7168.328,11.347,6453.873,11.347,5179.574,11.347,4847.957
12.292,17174.262,12.292,7419.238,12.292,6504.233,12.292,5126.228,12.292,4827.148
13.238,17314.926,13.238,7078.155,13.238,6478.534,13.238,5174.723,13.238,4796.548
14.183,17095.205,14.183,7225.308,14.183,6464.64,14.183,5246.068,14.183,4810.867
15.129,16950.562,15.129,7185.196,15.129,6467.223,15.129,5169.109,15.129,4809.32
16.075,16806.09,16.075,7152.842,16.075,6443.941,16.075,5152.147,16.075,4806.618
17.02,17156.633,17.02,7184.545,17.02,6428.598,17.02,5180.859,17.02,4823.501
17.966,16868.143,17.966,7305.375,17.966,6396.968,17.966,5176.547,17.966,4825.827
18.911,16802.137,18.911,7307.254,18.911,6373.035,18.911,5156.228,18.911,4830.482
19.857,16702.203,19.857,7188.827,19.857,6398.467,19.857,5229.944,19.857,4793.94
20.802,16588.398,20.802,7402.758,20.802,6364.038,20.802,5158.081,20.802,4810.736
21.748,16679.424,21.748,7337.825,21.748,6317.444,21.748,5207.89,21.748,4784.819
22.693,16547.924,22.693,7261.664,22.693,6344.654,22.693,5219.853,22.693,4779.777
23.639,16473.918,23.639,7224.866,23.639,6314.953,23.639,5176.252,23.639,4767.312
24.585,16443.92,24.585,7230.97,24.585,6310.332,24.585,5127.639,24.585,4811.366
25.53,16361.865,25.53,7324.64,25.53,6301.195,25.53,5095.411,25.53,4797.191
26.476,16557.102,26.476,7149.346,26.476,6272.257,26.476,5151.197,26.476,4824.303
27.421,16451.207,27.421,7166.273,27.421,6296.147,27.421,5150.535,27.421,4760.036
28.367,16308.394,28.367,7053.02,28.367,6260.821,28.367,5202.469,28.367,4803.46
29.312,16120.127,29.312,7388.243,29.312,6254.991,29.312,5119.791,29.312,4762.556
30.258,16220.376,30.258,7183.756,30.258,6221.778,30.258,5142.235,30.258,4806.049
31.204,16093.19,31.204,7187.208,31.204,6236.272,31.204,5180.65,31.204,4782.989
32.149,16022.615,32.149,7213.587,32.149,6205.586,32.149,5160.98,32.149,4770.17
33.095,16237.661,33.095,7104.081,33.095,6194.642,33.095,5132.502,33.095,4802.225
34.04,15899.778,34.04,7071.135,34.04,6223.374,34.04,5162.199,34.04,4778.007
34.986,15938.59,34.986,7393.68,34.986,6181.532,34.986,5083.209,34.986,4747.491
35.931,16011.732,35.931,7419.63,35.931,6196.687,35.931,5121.694,35.931,4801.418
36.877,15757.427,36.877,7326.43,36.877,6157.023,36.877,5138.352,36.877,4761.346
37.822,15857.593,37.822,7252.728,37.822,6166.586,37.822,5119.638,37.822,4779.797
38.768,15668.602,38.768,7371.57,38.768,6165.538,38.768,5152.161,38.768,4743.22
39.714,15809.902,39.714,7253.16,39.714,6150.581,39.714,5099.191,39.714,4717.435
40.659,15788.717,40.659,7146.127,40.659,6137.915,40.659,5070.434,40.659,4724.846
41.605,15539.633,41.605,7207.682,41.605,6125.092,41.605,5101.424,41.605,4738.977
42.55,15558.568,42.55,7203.708,42.55,6131.768,42.55,5186.601,42.55,4744.004
43.496,15567.402,43.496,7238.976,43.496,6111.675,43.496,5108.102,43.496,4744.554
44.441,15569.702,44.441,7260.649,44.441,6116.646,44.441,5126.198,44.441,4725.926
45.387,15583.68,45.387,7075.971,45.387,6090.47,45.387,5178.146,45.387,4752.4
46.333,15362.365,46.333,7317.31,46.333,6089.69,46.333,5151.825,46.333,4712.121
47.278,15316.646,47.278,7310.187,47.278,6077.514,47.278,5143.608,47.278,4750.861
48.224,15310.354,48.224,7187.947,48.224,6057.164,48.224,5108.271,48.224,4704.567
49.169,15416.129,49.169,7190.521,49.169,6053.902,49.169,5095.639,49.169,4720.605
50.115,15334.69,50.115,7203.949,50.115,6055.606,50.115,5123.336,50.115,4732.31
51.06,15391.946,51.06,6959.75,51.06,6063.983,51.06,5078.4,51.06,4715.31
52.006,15223.295,52.006,7121.512,52.006,6017.875,52.006,5145.364,52.006,4734.717
52.951,15073.685,52.951,7155.099,52.951,6028.018,52.951,5170.907,52.951,4731.585
53.897,15097.961,53.897,7229.866,53.897,6010.715,53.897,5091.285,53.897,4743.214
54.843,15256.918,54.843,7154.368,54.843,6006.754,54.843,5093.336,54.843,4709.657
55.788,15165.354,55.788,7138.164,55.788,5990.201,55.788,5092.88,55.788,4747.401
56.734,15138.554,56.734,7108.063,56.734,5990.833,56.734,5071.609,56.734,4678.326
57.679,15183.869,57.679,7159.843,57.679,5971.246,57.679,5103.529,57.679,4720.01
58.625,14868.691,58.625,7086.453,58.625,5975.974,58.625,5082.441,58.625,4689.073
59.57,14833.022,59.57,7080.449,59.57,5976.058,59.57,5118.016,59.57,4708.913
60.516,14846.012,60.516,7102.895,60.516,5945.201,60.516,5117.384,60.516,4707.661
61.462,14690.811,61.462,7413.838,61.462,5946.52,61.462,5116.176,61.462,4707.296
62.407,14940.615,62.407,7035.687,62.407,5929.204,62.407,5151.122,62.407,4696.465
63.353,14700.023,63.353,7104.675,63.353,5936.591,63.353,5173.783,63.353,4714.055
64.298,14644.15,64.298,7218.048,64.298,5921.221,64.298,5112.102,64.298,4694.897
65.244,14846.764,65.244,7130.87,65.244,5946.302,65.244,5084.744,65.244,4688.008
66.189,14672.847,66.189,7171.381,66.189,5907.923,66.189,5092.572,66.189,4693.978
67.135,14701.336,67.135,7191.605,67.135,5884.134,67.135,5082.944,67.135,4672.786
68.08,14547.909,68.08,7200.782,68.08,5901.73,68.08,5145.997,68.08,4687.346
69.026,14675.158,69.026,7140.706,69.026,5884.473,69.026,5070.648,69.026,4720.246
69.972,14663.336,69.972,7153.048,69.972,5883.293,69.972,5146.1,69.972,4684.716
70.917,14546.562,70.917,7166.537,70.917,5882.845,70.917,5053.644,70.917,4705.041
71.863,14428.463,71.863,7106.784,71.863,5876.111,71.863,5128.305,71.863,4671.856
72.808,14566.79,72.808,6966.943,72.808,5849.704,72.808,5095.13,72.808,4701.214
73.754,14493.426,73.754,7067.752,73.754,5839.843,73.754,5125.112,73.754,4686.771
74.699,14406.319,74.699,7164.136,74.699,5851.471,74.699,5137.209,74.699,4700.478
75.645,14271.251,75.645,7100.389,75.645,5854.143,75.645,5137.232,75.645,4717.395
76.59,14346.092,76.59,7301.808,76.59,5874.662,76.59,5150.545,76.59,4685.85
77.536,14308.48,77.536,7150.018,77.536,5831.602,77.536,5116.284,77.536,4717.105
78.482,14381.912,78.482,7300.567,78.482,5868.721,78.482,5075.786,78.482,4734.273
79.427,14458.337,79.427,7129.682,79.427,5815.36,79.427,5082.257,79.427,4695.271
80.373,14304.214,80.373,7077.156,80.373,5818.121,80.373,5095.767,80.373,4700.527
81.318,14202.154,81.318,7223.509,81.318,5832.491,81.318,5148.204,81.318,4723.526
82.264,14205.803,82.264,7066.782,82.264,5869.835,82.264,5101.639,82.264,4707.623
83.209,14129.493,83.209,7094.713,83.209,5841.043,83.209,5125.01,83.209,4681.739
84.155,14074.668,84.155,7226.141,84.155,5862.102,84.155,5135.451,84.155,4728.75
85.101,14179.294,85.101,7158.979,85.101,5865.267,85.101,5111.575,85.101,4721.087
86.046,14240.495,86.046,7257.312,86.046,5855.358,86.046,5087.195,86.046,4715.444
86.992,14196.262,86.992,7188.564,86.992,5845.929,86.992,5085.28,86.992,4715.87
87.937,14164.514,87.937,7212.879,87.937,5818.713,87.937,5144.828,87.937,4698.671
88.883,13916.443,88.883,7064.564,88.883,5856.255,88.883,5187.762,88.883,4695.737
89.828,14141.771,89.828,7214.173,89.828,5805.394,89.828,5169.356,89.828,4704.016
90.774,13882.057,90.774,7089.251,90.774,5829.645,90.774,5138.027,90.774,4718.617
91.719,14054.986,91.719,7107.812,91.719,5811.082,91.719,5051.076,91.719,4680.803
92.665,13823.751,92.665,7022.321,92.665,5817.391,92.665,5071.412,92.665,4691.308
93.611,13970.454,93.611,7203.955,93.611,5803.263,93.611,5102.153,93.611,4682.686
94.556,13936.742,94.556,7156.8,94.556,5818.886,94.556,5124.742,94.556,4710.302
95.502,13739.225,95.502,7263.272,95.502,5805.757,95.502,5129.711,95.502,4724.642
96.447,13777.702,96.447,7116.538,96.447,5805.38,96.447,5071.52,96.447,4664.907
97.393,13952.824,97.393,7093.728,97.393,5794.258,97.393,5134.665,97.393,4680.385
98.338,13849.871,98.338,7213.067,98.338,5791.857,98.338,5093.729,98.338,4730.136
99.284,13908.003,99.284,7043.551,99.284,5812.008,99.284,5071.184,99.284,4718.396
100.23,13957.421,100.23,7085.356,100.23,5812.102,100.23,5094.906,100.23,4677.393
101.175,14534.437,101.175,7186.124,101.175,5801.403,101.175,5067.501,101.175,4716.917
102.121,14364.955,102.121,7023.063,102.121,5782.66,102.121,5171.047,102.121,4699.601
103.066,14335.749,103.066,7184.625,103.066,5783.577,103.066,5112.566,103.066,4683.339
104.012,14394.707,104.012,7122.894,104.012,5775.529,104.012,5123.248,104.012,4694.684
104.957,14553.219,104.957,7246.704,104.957,5768.54,104.957,5099.997,104.957,4708.654
105.903,14806.825,105.903,7179.731,105.903,5772.312,105.903,5109.967,105.903,4665.948
106.848,15669.091,106.848,7142.454,106.848,5772.092,106.848,5110.708,106.848,4703.799
107.794,16809.557,107.794,6902.612,107.794,5766.142,107.794,5181.546,107.794,4691.63
108.74,18500.219,108.74,7204.028,108.74,5738.149,108.74,5085.671,108.74,4706.291
109.685,21217.715,109.685,7100.993,109.685,5756.899,109.685,5115.59,109.685,4697.383
110.631,22329.691,110.631,7134.381,110.631,5734.393,110.631,5088.813,110.631,4661.552
111.576,21873.912,111.576,7299.999,111.576,5719.454,111.576,5211.813,111.576,4685.717
112.522,21762.561,112.522,7043.729,112.522,5756.777,112.522,5129.069,112.522,4686.37
113.467,21405.229,113.467,7149.689,113.467,5758.492,113.467,5036.59,113.467,4694.627
114.413,21357.111,114.413,7064.791,114.413,5736.918,114.413,5132.805,114.413,4663.692
115.359,21245.98,115.359,7035.325,115.359,5753.332,115.359,5070.955,115.359,4679.621
116.304,20940.83,116.304,7208.2,116.304,5712.3,116.304,5043.978,116.304,4677.427
117.25,20785.584,117.25,6987.967,117.25,5705.458,117.25,5090.641,117.25,4697.045
118.195,20685.182,118.195,7360.544,118.195,5742.872,118.195,5145.117,118.195,4717.247
119.141,20334.855,119.141,7279.308,119.141,5703.34,119.141,5110.279,119.141,4690.892
120.086,20250.539,120.086,7077.667,120.086,5657.42,120.086,5065.25,120.086,4687.295
121.032,20299.461,121.032,7274.128,121.032,5668.699,121.032,5066.468,121.032,4705.804
121.977,19906.555,121.977,7346.862,121.977,5717.066,121.977,5070.417,121.977,4680.282
122.923,19707.994,122.923,7191.029,122.923,5680.084,122.923,5113.897,122.923,4697.226
123.869,19692.223,123.869,7069.265,123.869,5698.406,123.869,5087.049,123.869,4657.433
124.814,19666.975,124.814,7026.865,124.814,5686.414,124.814,5136.228,124.814,4703.296
125.76,19674.875,125.76,7176.366,125.76,5701.826,125.76,5141.134,125.76,4710.001
126.705,19402.287,126.705,7081.064,126.705,5697.914,126.705,5164.479,126.705,4725.404
127.651,19177.539,127.651,7292.047,127.651,5674.901,127.651,5128.166,127.651,4680.909
128.596,19430.635,128.596,7165.125,128.596,5651.859,128.596,5078.927,128.596,4703.156
129.542,19030.221,129.542,7162.77,129.542,5660.536,129.542,5103.999,129.542,4686.553
130.488,18855.686,130.488,7235.936,130.488,5657.148,130.488,5116.123,130.488,4698.508
131.433,18825.043,131.433,7180.397,131.433,5665.471,131.433,5115.571,131.433,4725.582
132.379,18699.145,132.379,7230.474,132.379,5663.057,132.379,5071.365,132.379,4704.917
133.324,18778.52,133.324,7116.008,133.324,5699.311,133.324,5157.609,133.324,4691.153
134.27,18646.504,134.27,7142.647,134.27,5670.958,134.27,5057.193,134.27,4709.411
135.215,18480.621,135.215,7177.23,135.215,5651.867,135.215,5076.055,135.215,4654.337
136.161,18457.426,136.161,7218.167,136.161,5644.012,136.161,5019.016,136.161,4708.036
137.106,18553.248,137.106,7035.193,137.106,5643.826,137.106,5131.984,137.106,4721.22
138.052,18361.348,138.052,7103.804,138.052,5654.958,138.052,5142.387,138.052,4714.782
138.998,18164.209,138.998,7246.79,138.998,5610.167,138.998,5087.354,138.998,4716.352
139.943,18138.197,139.943,7144.223,139.943,5701.209,139.943,5109.321,139.943,4701.72
140.889,18171.723,140.889,7145.991,140.889,5716.986,140.889,5051.524,140.889,4742.924
141.834,17885.295,141.834,7122.999,141.834,5710.513,141.834,5141.821,141.834,4712.8
142.78,17757.799,142.78,7201.183,142.78,5722.907,142.78,5114.735,142.78,4691.515
143.725,17443.041,143.725,7352.74,143.725,5720.542,143.725,5128.055,143.725,4690.715
144.671,17760.52,144.671,7287.196,144.671,5731.213,144.671,5093.997,144.671,4675.143
145.616,17726.99,145.616,7187.979,145.616,5714.822,145.616,5091.383,145.616,4720.431
146.562,17543.627,146.562,7096.805,146.562,5702.914,146.562,5085.12,146.562,4723.427
147.508,17591.211,147.508,7248.858,147.508,5711.306,147.508,5082.081,147.508,4697.343
148.453,17399.074,148.453,7116.128,148.453,5702.406,148.453,5103.226,148.453,4689.19
149.399,17489.498,149.399,7278.218,149.399,5693.727,149.399,5039.591,149.399,4668.331
150.344,17477.213,150.344,7162.785,150.344,5670.92,150.344,5006.257,150.344,4689.189
151.29,17231.619,151.29,7065.838,151.29,5708.823,151.29,5100.853,151.29,4695.504
152.235,17082.217,152.235,7237.017,152.235,5697.439,152.235,5026.9,152.235,4682.098
153.181,17094.113,153.181,7251.64,153.181,5674.002,153.181,5130.608,153.181,4680.346
154.127,16920.705,154.127,7178.328,154.127,5682.584,154.127,5103.027,154.127,4704.514
155.072,16872.336,155.072,7291.574,155.072,5639.082,155.072,5068.268,155.072,4696.961
156.018,16883.133,156.018,7097.183,156.018,5646.139,156.018,5109.817,156.018,4661.378
156.963,16663.271,156.963,7166.014,156.963,5645.28,156.963,5134.087,156.963,4679.803
157.909,16660.484,157.909,7078.627,157.909,5651.444,157.909,5166.438,157.909,4691.266
158.854,16656.881,158.854,7100.93,158.854,5650.926,158.854,5109.549,158.854,4654.85
159.8,16801.154,159.8,7279.988,159.8,5653.306,159.8,5069.838,159.8,4694.53
160.745,16516.75,160.745,7119.467,160.745,5644.3,160.745,5145.514,160.745,4693.687
161.691,16434.832,161.691,7249.496,161.691,5617.863,161.691,5082.726,161.691,4663.762
162.637,16482.025,162.637,7162.481,162.637,5638.352,162.637,5177.899,162.637,4667.203
163.582,16497.586,163.582,7288.951,163.582,5677.736,163.582,5090.61,163.582,4692.62
164.528,16331.44,164.528,7383.509,164.528,5657.491,164.528,5084.657,164.528,4667.412
165.473,16282.788,165.473,7264.287,165.473,5641.499,165.473,5089.807,165.473,4681.363
166.419,16333.92,166.419,7188.515,166.419,5643.834,166.419,5101.465,166.419,4682.875
167.364,16303.188,167.364,7042.976,167.364,5631.764,167.364,5105.282,167.364,4695.865
168.31,16137.522,168.31,6950.373,168.31,5629.942,168.31,5115.097,168.31,4718.792
169.256,16238.991,169.256,7257.656,169.256,5648.954,169.256,5132.105,169.256,4726.831
170.201,16124.907,170.201,7386.949,170.201,5684.832,170.201,5142.315,170.201,4694.093
171.147,16042.166,171.147,7293.904,171.147,5668.385,171.147,5098.736,171.147,4713.404
172.092,15928.752,172.092,7284.433,172.092,5641.503,172.092,5126.912,172.092,4691.942
173.038,16042.246,173.038,7494.616,173.038,5638.17,173.038,5101.43,173.038,4708.07
173.983,15889.514,173.983,7157.48,173.983,5603.972,173.983,5126.38,173.983,4685.507
174.929,15826.523,174.929,7207.599,174.929,5631.281,174.929,5108.075,174.929,4702.657
175.874,15663.477,175.874,7032.697,175.874,5622.651,175.874,5090.942,175.874,4666.716
176.82,15757.996,176.82,7177.258,176.82,5607.117,176.82,5085.179,176.82,4686.668
177.766,15652.962,177.766,7179.468,177.766,5609.285,177.766,5098.685,177.766,4670.267
178.711,15540.582,178.711,7087.469,178.711,5630.701,178.711,5085.262,178.711,4669.037
179.657,15414.568,179.657,7174.005,179.657,5627.54,179.657,5093.863,179.657,4725.11
180.602,15559.59,180.602,7059.407,180.602,5572.609,180.602,5107.34,180.602,4701.014
181.548,15632.532,181.548,7095.725,181.548,5626.138,181.548,5086.937,181.548,4719.762
182.493,15491.131,182.493,7227.809,182.493,5593.414,182.493,5061.02,182.493,4677.843
183.439,15451.312,183.439,7279.467,183.439,5603.046,183.439,5074.554,183.439,4712.967
184.385,15265.699,184.385,7239.035,184.385,5578.439,184.385,5087.435,184.385,4701.952
185.33,15370.502,185.33,7123.319,185.33,5603.277,185.33,5083.186,185.33,4696.224
186.276,15049.486,186.276,6980.903,186.276,5551.238,186.276,5091.199,186.276,4688.991
187.221,15280.226,187.221,7102.742,187.221,5596.169,187.221,5095.497,187.221,4702.444
188.167,15191.838,188.167,7214.37,188.167,5551.69,188.167,5070.652,188.167,4666.41
189.112,15249.882,189.112,7078.431,189.112,5580.323,189.112,5104.029,189.112,4692.307
190.058,15197.789,190.058,7201.496,190.058,5569.119,190.058,5112.228,190.058,4684.13
191.003,15148.043,191.003,7249.259,191.003,5582.366,191.003,5058.722,191.003,4673.284
191.949,15235.79,191.949,7112.141,191.949,5583.129,191.949,5058.984,191.949,4698.216
192.895,15011.54,192.895,7215.589,192.895,5577.912,192.895,5025.056,192.895,4693.663
193.84,14916.878,193.84,7209.895,193.84,5593.613,193.84,5188.957,193.84,4683.052
194.786,15054.768,194.786,7269.602,194.786,5573.753,194.786,5059.934,194.786,4716.684
195.731,14928.155,195.731,7167.954,195.731,5615.063,195.731,5114.821,195.731,4676.758
196.677,14859.568,196.677,7064.865,196.677,5572.855,196.677,5107.597,196.677,4702.716
197.622,14763.786,197.622,7022.388,197.622,5593.06,197.622,5115.001,197.622,4720.059
198.568,14852.432,198.568,7009.294,198.568,5573.828,198.568,5086.078,198.568,4709.542
199.513,14813.463,199.513,7246.044,199.513,5569.938,199.513,5160.203,199.513,4707.681
200.459,14688.461,200.459,6978.667,200.459,5565.12,200.459,5077.196,200.459,4703.515
201.405,14736.42,201.405,7148.418,201.405,5545.702,201.405,5109.906,201.405,4704.518
202.35,14727.909,202.35,7103.238,202.35,5571.303,202.35,5033.544,202.35,4680.702
203.296,14642.382,203.296,7130.062,203.296,5587.464,203.296,5049.032,203.296,4720.613
204.241,14625.684,204.241,7129.378,204.241,5576.319,204.241,5084.75,204.241,4696.018
205.187,14483.964,205.187,7107.712,205.187,5593.371,205.187,5087.519,205.187,4681.794
206.132,14489.791,206.132,6872.397,206.132,5569.979,206.132,5086.614,206.132,4669.572
207.078,14514.988,207.078,7137.416,207.078,5578.345,207.078,5124.688,207.078,4683.007
208.024,14396.401,208.024,7085.281,208.024,5552.08,208.024,5133.124,208.024,4673.303
208.969,14449.269,208.969,7194.523,208.969,5568.604,208.969,5084.709,208.969,4684.325
209.915,14534.86,209.915,7146.181,209.915,5547.047,209.915,5099.744,209.915,4680.117
210.86,14317.604,210.86,7200.773,210.86,5570.536,210.86,5114.993,210.86,4722.88
211.806,14448.221,211.806,7070.082,211.806,5561.662,211.806,5090.215,211.806,4693.13
212.751,14165.365,212.751,6899.878,212.751,5538.723,212.751,5090.782,212.751,4692.318
213.697,14308.287,213.697,7175.071,213.697,5594.298,213.697,5073.265,213.697,4696.313
214.642,14089.041,214.642,7052.891,214.642,5618.826,214.642,5094.884,214.642,4704.584
215.588,14054.577,215.588,7007.528,215.588,5548.486,215.588,5035.294,215.588,4692.629
216.534,14131.899,216.534,7031.595,216.534,5594.35,216.534,5096.896,216.534,4698.206
217.479,14156.371,217.479,7025.854,217.479,5629.225,217.479,5078.993,217.479,4686.807
218.425,14153.29,218.425,7188.77,218.425,5620.453,218.425,5056.497,218.425,4704.224
219.37,14027.187,219.37,7204.122,219.37,5603.68,219.37,5097.029,219.37,4725.764
220.316,14157.142,220.316,7354.43,220.316,5584.328,220.316,5043.827,220.316,4725.633
221.261,14067.944,221.261,7085.276,221.261,5577.863,221.261,5143.949,221.261,4696.235
222.207,14054.021,222.207,7296.209,222.207,5569.793,222.207,5102.776,222.207,4713.496
223.153,14004.665,223.153,7071.116,223.153,5598.679,223.153,5025.303,223.153,4716.552
224.098,13927.566,224.098,7028.449,224.098,5554.619,224.098,5089.765,224.098,4690.903
225.044,13784.846,225.044,7116.045,225.044,5569.945,225.044,5095.92,225.044,4706.947
225.989,14042.646,225.989,7301.564,225.989,5554.182,225.989,5118.348,225.989,4678.319
226.935,14031.452,226.935,7384.283,226.935,5576.035,226.935,5039.562,226.935,4706.85
227.88,13682.833,227.88,8413.002,227.88,5579.122,227.88,5069.245,227.88,4684.569
228.826,13807.983,228.826,8754.852,228.826,5566.982,228.826,5125.881,228.826,4691.807
229.771,13808.321,229.771,10713.796,229.771,5552.014,229.771,5059.005,229.771,4671.936
230.717,13745.739,230.717,17251.984,230.717,5542.248,230.717,5108.421,230.717,4662.218
231.663,13725.248,231.663,24381.244,231.663,5561.075,231.663,5076.058,231.663,4698.645
232.608,13743.103,232.608,31268.244,232.608,5587.413,232.608,5044.691,232.608,4728.152
233.554,13609.976,233.554,40778.09,233.554,5597.388,233.554,5113.917,233.554,4710.623
234.499,13492.524,234.499,42484,234.499,5521.465,234.499,5129.542,234.499,4713.61
235.445,13708.644,235.445,42760.512,235.445,5512.508,235.445,5103.518,235.445,4734.48
236.39,13653.492,236.39,41625.535,236.39,5531.753,236.39,5138.663,236.39,4741.318
237.336,13604.437,237.336,40353.211,237.336,5532.462,237.336,5101.541,237.336,4755.106
238.282,13725.626,238.282,39106.184,238.282,5564.863,238.282,5005.676,238.282,4743.096
239.227,13537.459,239.227,37486.234,239.227,5561.097,239.227,5064.803,239.227,4780.084
240.173,13674.94,240.173,36851.102,240.173,5561.049,240.173,5042.384,240.173,4741.485
241.118,13648.699,241.118,35801.031,241.118,5557.947,241.118,5084.562,241.118,4708.069
242.064,13598.141,242.064,35288.438,242.064,5550.525,242.064,5056.742,242.064,4755.751
243.009,13475.731,243.009,33926.379,243.009,5549.312,243.009,5063.133,243.009,4748.554
243.955,13679.819,243.955,33207.781,243.955,5571.544,243.955,5089.165,243.955,4714.728
244.9,13505.704,244.9,32730.162,244.9,5542.508,244.9,5054.298,244.9,4759.091
245.846,13498.598,245.846,31770.322,245.846,5595.919,245.846,5118.506,245.846,4754.451
246.792,13528.768,246.792,31201.943,246.792,5583.286,246.792,5111.697,246.792,4714.88
247.737,13484.778,247.737,30482.844,247.737,5596.208,247.737,5040.584,247.737,4746.692
248.683,13560.3,248.683,29871.984,248.683,5545.126,248.683,5092.328,248.683,4729.162
249.628,13342.814,249.628,29252.986,249.628,5552.418,249.628,5054.303,249.628,4726.91
250.574,13292.517,250.574,28681.287,250.574,5559.943,250.574,5062.746,250.574,4691.526
251.519,13307.8,251.519,27593.562,251.519,5554.6,251.519,5026.098,251.519,4723.252
252.465,13219.134,252.465,27356.096,252.465,5519.018,252.465,5053.149,252.465,4724.426
253.411,13434.364,253.411,26956.955,253.411,5555.265,253.411,5047.382,253.411,4714.291
254.356,13513.405,254.356,26458.814,254.356,5542.82,254.356,5068.305,254.356,4718.062
255.302,13346.173,255.302,25699.359,255.302,5578.987,255.302,5105.67,255.302,4693.752
256.247,13222.858,256.247,25113.379,256.247,5563.104,256.247,5016.503,256.247,4700.931
257.193,13403.236,257.193,24524.541,257.193,5567.981,257.193,5081.553,257.193,4736.988
258.138,13411.451,258.138,24320.199,258.138,5521.919,258.138,5048.744,258.138,4722.424
259.084,13394.896,259.084,23881.742,259.084,5554.297,259.084,5023.896,259.084,4693.28
260.029,13406.482,260.029,23530.367,260.029,5550.909,260.029,5092.231,260.029,4702.729
260.975,13214.414,260.975,23387.447,260.975,5546.409,260.975,5045.678,260.975,4733.728
261.921,13130.724,261.921,22797.141,261.921,5533.835,261.921,5067.9,261.921,4702.898
262.866,13396.172,262.866,22234.455,262.866,5567.425,262.866,5072.312,262.866,4688.477
263.812,13110.857,263.812,21963.178,263.812,5577.541,263.812,5050.46,263.812,4700.269
264.757,12946.653,264.757,21491.85,264.757,5600.189,264.757,5016.628,264.757,4702.611
265.703,13352.701,265.703,21215.119,265.703,5586.217,265.703,5054.112,265.703,4740.112
266.648,13019.066,266.648,21119.576,266.648,5576.509,266.648,5043.911,266.648,4730.089
267.594,13040.021,267.594,20441.916,267.594,5588.079,267.594,5066.234,267.594,4713.796
268.539,13279.657,268.539,19808.736,268.539,5531.992,268.539,5147.768,268.539,4710.796
269.485,13134.056,269.485,19880.094,269.485,5626.108,269.485,5073.49,269.485,4700.621
270.431,13080.659,270.431,19683.273,270.431,5613.379,270.431,4989.665,270.431,4754.941
271.376,13041.679,271.376,19360.891,271.376,5616.228,271.376,5108.191,271.376,4700.787
272.322,12968.854,272.322,18977.98,272.322,5648.285,272.322,5092.042,272.322,4738.828
273.267,13026.393,273.267,18662.305,273.267,5578.122,273.267,5017.037,273.267,4725.087
274.213,13255.378,274.213,18261.555,274.213,5599.547,274.213,5094.806,274.213,4726.407
275.158,13119.941,275.158,18106.924,275.158,5624.58,275.158,5060.047,275.158,4747.085
276.104,12954.912,276.104,17838.006,276.104,5563.338,276.104,5145.448,276.104,4710.271
277.05,13043.537,277.05,17723.426,277.05,5592.478,277.05,5059.583,277.05,4725.496
277.995,12921.808,277.995,17356.518,277.995,5575.929,277.995,5089.942,277.995,4720.348
278.941,12893.257,278.941,17556.234,278.941,5605.416,278.941,4991.551,278.941,4707.749
279.886,12903.967,279.886,16855.668,279.886,5746.993,279.886,5117.228,279.886,4708.94
280.832,12921.954,280.832,16824.588,280.832,5792.834,280.832,5090.519,280.832,4716.882
281.777,13082.224,281.777,16514.346,281.777,5766.43,281.777,5125.777,281.777,4703.887
282.723,13010.979,282.723,16010.142,282.723,5773.775,282.723,5049.875,282.723,4729.408
283.668,12812.682,283.668,16142.525,283.668,5767.421,283.668,5074.61,283.668,4739.672
284.614,13121.588,284.614,15813.451,284.614,5740.317,284.614,5112.456,284.614,4745.259
285.56,12793.944,285.56,15859.145,285.56,5749.409,285.56,5092.888,285.56,4687.518
286.505,12923.886,286.505,15426.746,286.505,5728.36,286.505,5103.49,286.505,4728.746
287.451,12875.535,287.451,15330.635,287.451,5715.613,287.451,5119.229,287.451,4689.022
288.396,12938.785,288.396,15036.392,288.396,5730.458,288.396,5015.745,288.396,4728.799
289.342,12955.841,289.342,15074.077,289.342,5749.527,289.342,5047.007,289.342,4712.262
290.287,13101.976,290.287,14758.53,290.287,5727.633,290.287,5101.659,290.287,4735.135
291.233,12812.946,291.233,14741.606,291.233,5711.064,291.233,5065.062,291.233,4693.033
292.179,12851.354,292.179,14486.646,292.179,5705.916,292.179,5126.404,292.179,4715.944
293.124,12812.009,293.124,14397.309,293.124,5679.384,293.124,5031.632,293.124,4739.044
294.07,12845.773,294.07,14100.49,294.07,5725.328,294.07,5066.52,294.07,4748.466
295.015,13065.828,295.015,13796.364,295.015,5691.325,295.015,5099.017,295.015,4725.622
295.961,12692.1,295.961,13806.367,295.961,5700.011,295.961,5107.665,295.961,4694.41
296.906,12801.594,296.906,13813.09,296.906,5718.161,296.906,5060.046,296.906,4717.845
297.852,12792.368,297.852,13521.1,297.852,5655.974,297.852,5079.774,297.852,4716.301
298.797,12826.839,298.797,13247.282,298.797,5667.068,298.797,5067.475,298.797,4709.192
299.743,12737.246,299.743,13477.203,299.743,5649.24,299.743,5098.965,299.743,4720.266
300.689,12792.024,300.689,13109.512,300.689,5684.924,300.689,5058.667,300.689,4717.086
301.634,12572.763,301.634,12884.919,301.634,5652.193,301.634,5041.277,301.634,4718.786
302.58,12694.271,302.58,13054.287,302.58,5659.236,302.58,5103.017,302.58,4729.078
303.525,12939.401,303.525,12720.563,303.525,5667.834,303.525,5160.248,303.525,4723.261
304.471,12656.89,304.471,12762.231,304.471,5677.378,304.471,5064.007,304.471,4718.772
305.416,12603.45,305.416,12498.707,305.416,5647.147,305.416,5060.748,305.416,4719.858
306.362,12645.346,306.362,12234.738,306.362,5636.938,306.362,5084.242,306.362,4712.641
307.308,12713.28,307.308,11997.968,307.308,5630.729,307.308,5075.79,307.308,4703.934
308.253,12477.259,308.253,12326.19,308.253,5673.194,308.253,5015.86,308.253,4732.41
309.199,12594.787,309.199,11989.316,309.199,5645.188,309.199,5105.745,309.199,4686.981
310.144,12791.916,310.144,11924.684,310.144,5611.684,310.144,5081.53,310.144,4725.747
311.09,12731.984,311.09,12011.718,311.09,5636.391,311.09,5154.756,311.09,4697.73
312.035,12539.489,312.035,12019.604,312.035,5635.494,312.035,5064.333,312.035,4704.469
312.981,12673.722,312.981,11770.399,312.981,5606.979,312.981,5051.72,312.981,4703.684
313.926,12780.52,313.926,11630.86,313.926,5621.259,313.926,5108.987,313.926,4719.698
314.872,12571.675,314.872,11510.083,314.872,5600.558,314.872,5092.117,314.872,4718.271
315.818,12645.914,315.818,11373.373,315.818,5640.934,315.818,5083.374,315.818,4723.78
316.763,12716.498,316.763,11238.498,316.763,5597.021,316.763,5051.146,316.763,4711.406
317.709,12542.65,317.709,11162.337,317.709,5608.04,317.709,5068.253,317.709,4717.481
318.654,12604.062,318.654,11118.904,318.654,5633.641,318.654,5038.321,318.654,4738.233
319.6,12417.794,319.6,10898.843,319.6,5595.156,319.6,5038.762,319.6,4723.984
320.545,12487.304,320.545,10725.688,320.545,5602.167,320.545,4943.149,320.545,4709.82
321.491,12584.645,321.491,10926.412,321.491,5605.817,321.491,5016.781,321.491,4694.623
322.436,12470.549,322.436,10668.342,322.436,5649.562,322.436,5066.558,322.436,4720.835
323.382,12672.817,323.382,10628.526,323.382,5618.729,323.382,5093.881,323.382,4720.482
324.328,12571.233,324.328,10659.415,324.328,5589.773,324.328,5060.798,324.328,4702.535
325.273,12618.882,325.273,10666.569,325.273,5592.483,325.273,5042.639,325.273,4738.071
326.219,12557.644,326.219,10663.337,326.219,5605.313,326.219,5078.416,326.219,4713.303
327.164,12511.731,327.164,10455.398,327.164,5622.826,327.164,5030.967,327.164,4711.061
328.11,12597.231,328.11,10382.366,328.11,5591.764,328.11,5058.942,328.11,4690.524
329.055,12582.308,329.055,10316.375,329.055,5608.21,329.055,5081.675,329.055,4709.243
330.001,12527.887,330.001,10016.162,330.001,5574.159,330.001,5009.438,330.001,4707.819
330.947,12630.075,330.947,9833.899,330.947,5600.672,330.947,5022.62,330.947,4720.792
331.892,12524.732,331.892,9933.919,331.892,5566.01,331.892,5054.2,331.892,4727.856
332.838,12587.739,332.838,9883.357,332.838,5614.093,332.838,5070.298,332.838,4727.669
333.783,12627.747,333.783,9981.669,333.783,5599.604,333.783,5062.399,333.783,4725.03
334.729,12549.257,334.729,9775.122,334.729,5600.616,334.729,5042.182,334.729,4724.612
335.674,12193.531,335.674,9652.982,335.674,5590.561,335.674,5008.82,335.674,4705.736
336.62,12542.081,336.62,9650.734,336.62,5606.524,336.62,5017.271,336.62,4684.836
337.565,12611.221,337.565,9563.305,337.565,5607.128,337.565,5104.578,337.565,4716.359
338.511,12431.876,338.511,9655.314,338.511,5563.38,338.511,5084.521,338.511,4752.05
339.457,12423.411,339.457,9731.117,339.457,5572.252,339.457,5051.725,339.457,4706.345
340.402,12640.431,340.402,9401.282,340.402,5597.17,340.402,5059.205,340.402,4686.361
341.348,12661.02,341.348,9610.128,341.348,5593.206,341.348,5062.592,341.348,4730.769
342.293,12405.92,342.293,9487.854,342.293,5586.462,342.293,5067.436,342.293,4715.839
343.239,12322.689,343.239,9497.298,343.239,5580.994,343.239,5080.131,343.239,4730.422
344.184,12987.342,344.184,9333.903,344.184,5570.633,344.184,5086.961,344.184,4709.893
345.13,13866.75,345.13,9438.393,345.13,5572.988,345.13,5014.127,345.13,4725.305
346.076,15191.031,346.076,9362.056,346.076,5553.74,346.076,5100.488,346.076,4723.649
347.021,16060.597,347.021,9471.121,347.021,5570.516,347.021,4998.608,347.021,4738.002
347.967,16970.93,347.967,9233.926,347.967,5577.329,347.967,5131.202,347.967,4711.622
348.912,17356.527,348.912,9009.245,348.912,5555.897,348.912,5083.041,348.912,4717.357
349.858,17682.717,349.858,9154.568,349.858,5554.143,349.858,5064.979,349.858,4728.569
350.803,17471.494,350.803,9112.839,350.803,5558.905,350.803,5065.713,350.803,4711.938
351.749,17491.672,351.749,9144.299,351.749,5519.345,351.749,5054.063,351.749,4727.34
352.694,17234.617,352.694,9490.858,352.694,5555.903,352.694,5032.073,352.694,4691.997
353.64,17069.508,353.64,9797.191,353.64,5556.089,353.64,5112.25,353.64,4826.842
354.586,16886.66,354.586,11475.382,354.586,5560.848,354.586,5017.486,354.586,4809.346
355.531,16877.531,355.531,15686.729,355.531,5517.886,355.531,5083.735,355.531,4811.368
356.477,16757.211,356.477,17840.344,356.477,5545.726,356.477,5075.413,356.477,4850.674
357.422,16594.09,357.422,17823.207,357.422,5539.597,357.422,5111.366,357.422,4808.416
358.368,16512.891,358.368,17451.859,358.368,5528.662,358.368,5042.392,358.368,4802.318
359.313,16444.521,359.313,17414.074,359.313,5561.833,359.313,5069.185,359.313,4807.07
360.259,16341.313,360.259,17096.543,360.259,5572.09,360.259,5021.648,360.259,4789.667
361.205,16324.905,361.205,16349.705,361.205,5530.081,361.205,5038.511,361.205,4772.763
362.15,16067.03,362.15,16172.645,362.15,5535.773,362.15,5057.709,362.15,4796.257
363.096,16199.087,363.096,15959.136,363.096,5546.394,363.096,5089.447,363.096,4793.136
364.041,15902.478,364.041,15869.19,364.041,5504.178,364.041,5089.771,364.041,4798.302
364.987,16084.232,364.987,15620.031,364.987,5531.04,364.987,5112.009,364.987,4778.192
365.932,15986.291,365.932,15327.198,365.932,5530.198,365.932,5058.004,365.932,4793.757
366.878,15984.936,366.878,15067.992,366.878,5530.827,366.878,5060.227,366.878,4795.9
367.823,15788.094,367.823,14841.132,367.823,5540.523,367.823,5077.138,367.823,4768.332
368.769,15818.156,368.769,14624.438,368.769,5519.908,368.769,4986.466,368.769,4759.411
369.715,15520.782,369.715,14368.688,369.715,5531.026,369.715,5041.573,369.715,4734.186
370.66,15838.174,370.66,14694.44,370.66,5503.242,370.66,5145.402,370.66,4744.778
371.606,15448.202,371.606,14020.457,371.606,5523.364,371.606,5092.471,371.606,4807.333
372.551,15639.33,372.551,13780.882,372.551,5513.864,372.551,5027.487,372.551,4745.52
373.497,15344.173,373.497,14053.756,373.497,5543.039,373.497,5107.604,373.497,4815.828
374.442,15441.234,374.442,13456.057,374.442,5543.66,374.442,5099.223,374.442,4719.286
375.388,15228.237,375.388,13427.968,375.388,5526.694,375.388,5085.472,375.388,4765.219
376.334,15425.903,376.334,13238.102,376.334,5521.539,376.334,4995.873,376.334,4729.601
377.279,15303.896,377.279,13050.005,377.279,5503.268,377.279,5074.081,377.279,4742.18
378.225,15245.818,378.225,12614.655,378.225,5537.323,378.225,5034.056,378.225,4794.952
379.17,15397.935,379.17,12888.128,379.17,5519.328,379.17,5022.161,379.17,4744.948
380.116,15039.346,380.116,12648.438,380.116,5532.63,380.116,4989.821,380.116,4749.605
381.061,15156.583,381.061,12388.798,381.061,5562.007,381.061,5054.764,381.061,4756.693
382.007,15078.294,382.007,12518.755,382.007,5568.969,382.007,5097.515,382.007,4767.651
382.952,15091.962,382.952,12171.875,382.952,5533.924,382.952,5061.982,382.952,4785.589
383.898,14859.798,383.898,12243.109,383.898,5559.77,383.898,5084.97,383.898,4740.657
384.844,15037.282,384.844,12011.058,384.844,5555.001,384.844,5079.709,384.844,4760.964
385.789,15111.462,385.789,12069.212,385.789,5557.441,385.789,5042.887,385.789,4744.878
386.735,14811.932,386.735,12002.752,386.735,5527.209,386.735,5073.126,386.735,4771.485
387.68,14648.18,387.68,11651.138,387.68,5558.35,387.68,5092.735,387.68,4771.099
388.626,14733.241,388.626,11627.859,388.626,5522.155,388.626,5060.498,388.626,4781.502
389.571,14591.859,389.571,11690.836,389.571,5544.929,389.571,4983.059,389.571,4756.914
390.517,14486.169,390.517,11277.972,390.517,5537.125,390.517,5015.081,390.517,4772.149
391.462,14875.487,391.462,11390.122,391.462,5541.379,391.462,5025.991,391.462,4764.728
392.408,14418.553,392.408,11186.005,392.408,5560.205,392.408,5118.028,392.408,4761.314
393.354,14428.449,393.354,11261.904,393.354,5568.031,393.354,5113.505,393.354,4751.598
394.299,14442.925,394.299,11058.701,394.299,5560.733,394.299,4993.572,394.299,4749.439
395.245,14412.537,395.245,11001.02,395.245,5521.461,395.245,5023.444,395.245,4734.328
396.19,14534.354,396.19,10908.562,396.19,5556.884,396.19,5040.304,396.19,4745.487
397.136,14374.218,397.136,10721.092,397.136,5547.519,397.136,5013.896,397.136,4723.309
398.081,14443.838,398.081,10521.776,398.081,5537.292,398.081,4992.007,398.081,4729.376
399.027,14427.431,399.027,10517.816,399.027,5537.251,399.027,5078.16,399.027,4758.956
399.973,14346.842,399.973,10222.919,399.973,5524.407,399.973,5061.105,399.973,4747.449
400.918,14312.824,400.918,10529.523,400.918,5521.91,400.918,5036.055,400.918,4780.459
401.864,14238.356,401.864,10486.16,401.864,5531.99,401.864,5031.559,401.864,4767.5
402.809,14185.442,402.809,10411.842,402.809,5542.291,402.809,5046.458,402.809,4740.051
403.755,14347.249,403.755,10309.958,403.755,5519.916,403.755,4988.609,403.755,4733.53
404.7,14071.675,404.7,10243.371,404.7,5539.93,404.7,5018.23,404.7,4754.341
405.646,13949.837,405.646,9996.57,405.646,5534.382,405.646,5063.925,405.646,4754.068
406.591,14217.24,406.591,10213.533,406.591,5551.407,406.591,4978.731,406.591,4725.323
407.537,14153.788,407.537,10023.689,407.537,5535.227,407.537,4975.906,407.537,4752.498
408.483,14090.154,408.483,9805.5,408.483,5563.049,408.483,4981.124,408.483,4729.936
409.428,14051.011,409.428,9827.828,409.428,5557.782,409.428,5086.578,409.428,4745.327
410.374,13953.065,410.374,9766.835,410.374,5539.4,410.374,4989.361,410.374,4749.701
411.319,14066.985,411.319,9726.514,411.319,5523.626,411.319,5043.161,411.319,4773.949
412.265,14043.852,412.265,9569.142,412.265,5544.716,412.265,5056.843,412.265,4737.436
413.21,14071.433,413.21,9623.657,413.21,5536.871,413.21,5052.078,413.21,4739.704
414.156,14163.794,414.156,9585.414,414.156,5514.931,414.156,4919.005,414.156,4762.328
415.102,13940.355,415.102,9444.825,415.102,5544.814,415.102,5034.193,415.102,4772.043
416.047,13860.827,416.047,9433.069,416.047,5557.932,416.047,4982.871,416.047,4748.629
416.993,13720.03,416.993,9635.92,416.993,5542.948,416.993,5025.971,416.993,4744.669
417.938,13783.973,417.938,9321.508,417.938,5552.017,417.938,5092.969,417.938,4747.172
418.884,13855.8,418.884,9150.078,418.884,5562.096,418.884,4986.671,418.884,4744.223
419.829,13729.129,419.829,9361.17,419.829,5593.369,419.829,4965.336,419.829,4765.196
420.775,14017.431,420.775,9072.2,420.775,5558.917,420.775,5000.212,420.775,4740.599
421.72,13677.955,421.72,9231.409,421.72,5551.817,421.72,5027.31,421.72,4765.532
422.666,13779.618,422.666,9202.545,422.666,5584.756,422.666,5011.963,422.666,4791.817
423.612,13817.543,423.612,8979.748,423.612,5578.715,423.612,4971.645,423.612,4762.458
424.557,13694.058,424.557,9014.457,424.557,5573.896,424.557,5087.018,424.557,4746.02
425.503,13691.247,425.503,8925.758,425.503,5531.291,425.503,4980.429,425.503,4741.519
426.448,13553.203,426.448,9019.455,426.448,5566.806,426.448,5024.857,426.448,4779.17
427.394,13621.423,427.394,9004.237,427.394,5579.772,427.394,5014.782,427.394,4758.696
428.339,13459.608,428.339,8774.393,428.339,5578.901,428.339,5105.738,428.339,4772.31
429.285,13594.505,429.285,8762.994,429.285,5579.785,429.285,5031.818,429.285,4767.707
430.231,13455.437,430.231,8776.39,430.231,5643.072,430.231,5062.974,430.231,4742.005
431.176,13618.107,431.176,8566.585,431.176,5616.483,431.176,5016.432,431.176,4736.609
432.122,13359.661,432.122,8753.673,432.122,5572.111,432.122,5068.649,432.122,4794.889
433.067,13344.651,433.067,8637.71,433.067,5595.031,433.067,5115.634,433.067,4743.393
434.013,13558.922,434.013,8757.449,434.013,5615.494,434.013,5023.807,434.013,4752.977
434.958,13547.694,434.958,8752.09,434.958,5602.702,434.958,5093.478,434.958,4740.968
435.904,13461.563,435.904,8636.172,435.904,5594.321,435.904,5016.724,435.904,4766.486
436.849,13365.288,436.849,8467.085,436.849,5591.751,436.849,5028.818,436.849,4745.938
437.795,13375.617,437.795,8548.668,437.795,5570.7,437.795,5009.431,437.795,4759.852
438.741,13319.022,438.741,8380.692,438.741,5581.734,438.741,5037.594,438.741,4740.983
439.686,13366.703,439.686,8441.016,439.686,5545.668,439.686,4971.466,439.686,4761.851
440.632,13239.41,440.632,8493.054,440.632,5572.736,440.632,5019.53,440.632,4745.523
441.577,13359.06,441.577,8291.836,441.577,5591.402,441.577,5034.967,441.577,4751.369
442.523,13362.977,442.523,8474.898,442.523,5569.497,442.523,5025.995,442.523,4763.062
443.468,13320.166,443.468,8559.713,443.468,5594.128,443.468,4981.481,443.468,4764.186
444.414,13295.952,444.414,8237.317,444.414,5549.488,444.414,5013.149,444.414,4776.653
445.359,13313.258,445.359,8258.615,445.359,5522.01,445.359,5056.886,445.359,4709.851
446.305,13194.222,446.305,8136.652,446.305,5577.686,446.305,4993.442,446.305,4763.827
447.251,13399.843,447.251,8245.637,447.251,5567.785,447.251,5003.342,447.251,4732.547
448.196,13410.343,448.196,8241.742,448.196,5565.622,448.196,4960.049,448.196,4760.885
449.142,13339.513,449.142,8202.378,449.142,5576.819,449.142,5010.684,449.142,4760.673
450.087,13125.959,450.087,8172.055,450.087,5553.253,450.087,4972.967,450.087,4733.956
451.033,13444.25,451.033,8231.232,451.033,5552.311,451.033,4982.868,451.033,4776.365
451.978,13254.129,451.978,8081.436,451.978,5548.583,451.978,4984.664,451.978,4745.47
452.924,13172.367,452.924,8385.52,452.924,5582.978,452.924,5009.879,452.924,4766.597
453.87,13209.907,453.87,8263.843,453.87,5571.341,453.87,5034.235,453.87,4774.033
454.815,13251.191,454.815,8035.094,454.815,5564.787,454.815,5028.765,454.815,4759.314
455.761,13205.303,455.761,8194.558,455.761,5556.738,455.761,5052.592,455.761,4752.137
456.706,13296.683,456.706,7979.168,456.706,5550.944,456.706,4976.997,456.706,4738.581
457.652,13100.189,457.652,8002.905,457.652,5596.742,457.652,4982.891,457.652,4754.652
458.597,13295.257,458.597,8089.38,458.597,5552.316,458.597,4997.577,458.597,4732.776
459.543,13165.756,459.543,8237.913,459.543,5578.072,459.543,5038.777,459.543,4771.844
460.488,13184.9,460.488,8040.526,460.488,5560.782,460.488,5019.979,460.488,4751.799
461.434,13151.722,461.434,8065.51,461.434,5538.707,461.434,5006.964,461.434,4772.123
462.38,12908.828,462.38,7973.603,462.38,5564.041,462.38,4999.389,462.38,4781.123
463.325,13115.49,463.325,7858.664,463.325,5586.632,463.325,5010.056,463.325,4780.44
464.271,13084.69,464.271,7812.274,464.271,5539.074,464.271,4990.815,464.271,4740.596
465.216,13096.582,465.216,7919.123,465.216,5549.658,465.216,4985.695,465.216,4739.386
466.162,13019.854,466.162,7837.547,466.162,5544.657,466.162,5039.578,466.162,4757.957
467.107,12973.156,467.107,7709.774,467.107,5512.215,467.107,4973.347,467.107,4755.882
468.053,13107.387,468.053,7810.103,468.053,5530.224,468.053,5026.597,468.053,4772.397
468.999,12998.883,468.999,7765.957,468.999,5538.7,468.999,5086.631,468.999,4754.329
469.944,13013.445,469.944,7628.753,469.944,5541.425,469.944,5066.131,469.944,4763.583
470.89,13153.61,470.89,7767.727,470.89,5533.623,470.89,5044.456,470.89,4747.712
471.835,12992.628,471.835,7710.952,471.835,5528.277,471.835,5057.647,471.835,4774.452
472.781,13008.871,472.781,7896.192,472.781,5516.604,472.781,4949.975,472.781,4753.226
473.726,13086.908,473.726,7604.467,473.726,5546.309,473.726,4992.044,473.726,4748.523
474.672,12754.715,474.672,7779.288,474.672,5519.904,474.672,4985.871,474.672,4774.486
475.617,12828.9,475.617,7525.025,475.617,5546.544,475.617,5089.377,475.617,4788.665
476.563,12814.584,476.563,8908.855,476.563,5554.755,476.563,5055.244,476.563,4777
477.509,12971.035,477.509,10422.728,477.509,5528.232,477.509,5052.994,477.509,4752.17
478.454,12765.328,478.454,14797.771,478.454,5537.864,478.454,5011.008,478.454,4757.923
479.4,12845.649,479.4,19546.404,479.4,5492.872,479.4,4997.276,479.4,4731.195
480.345,13003.531,480.345,19884.424,480.345,5552.52,480.345,4971.655,480.345,4775.266
481.291,12739.949,481.291,19502.654,481.291,5543.149,481.291,5059.835,481.291,4742.483
482.236,12654.953,482.236,18914.262,482.236,5549.667,482.236,5058.867,482.236,4747.772
483.182,12868.027,483.182,18777.566,483.182,5518.228,483.182,5018.461,483.182,4737.892
484.128,12848.472,484.128,18371.941,484.128,5543.83,484.128,4985.673,484.128,4729.133
485.073,12743.902,485.073,18228.309,485.073,5515.784,485.073,5079.057,485.073,4732.156
486.019,12775.238,486.019,17770.244,486.019,5533.173,486.019,5046.651,486.019,4779.087
486.964,12691.541,486.964,17335.668,486.964,5508.637,486.964,5097.225,486.964,4747.214
487.91,12865.006,487.91,17131.803,487.91,5538.398,487.91,5027.733,487.91,4754.264
488.855,12790.52,488.855,16774.162,488.855,5551.1,488.855,5016.852,488.855,4738.732
489.801,12862.086,489.801,16572.904,489.801,5557.789,489.801,5060.874,489.801,4772.572
490.746,12729.86,490.746,16543.35,490.746,5518.564,490.746,5094.913,490.746,4762.723
491.692,12805.824,491.692,15945.65,491.692,5552.585,491.692,5075.029,491.692,4750.68
492.638,12832.119,492.638,15979.79,492.638,5550.051,492.638,5017.522,492.638,4749.143
493.583,12909.51,493.583,15700.756,493.583,5516.446,493.583,5009.623,493.583,4774.042
494.529,12953.647,494.529,15303.34,494.529,5484.975,494.529,5042.981,494.529,4797.681
495.474,13010.58,495.474,15208.208,495.474,5596.166,495.474,4990.295,495.474,4748.734
496.42,12909.11,496.42,14799.607,496.42,5580.48,496.42,5038.337,496.42,4789.777
497.365,12822.898,497.365,14837.943,497.365,5553.725,497.365,5049.41,497.365,4753.03
498.311,12933.108,498.311,14630.878,498.311,5609.084,498.311,4975.104,498.311,4751.394
499.257,12718.541,499.257,14329.358,499.257,5570.043,499.257,5012.199,499.257,4750.719
500.202,12722.957,500.202,14241.178,500.202,5591.531,500.202,5035.661,500.202,4754.321
501.148,12842.631,501.148,13935.915,501.148,5583.295,501.148,4994.992,501.148,4745.941
502.093,12713.91,502.093,14077.074,502.093,5599.839,502.093,4967.92,502.093,4757.78
503.039,12661.594,503.039,13674.094,503.039,5560.835,503.039,5008.301,503.039,4758.924
503.984,12752.228,503.984,13736.889,503.984,5573.196,503.984,5013.57,503.984,4739.495
504.93,12693.633,504.93,13513.863,504.93,5574.912,504.93,4996.327,504.93,4773.65
505.875,12706.083,505.875,13548.453,505.875,5589.225,505.875,5058.062,505.875,4777.897
506.821,12746.566,506.821,13011.151,506.821,5555.843,506.821,5071.019,506.821,4753.012
507.767,12681.562,507.767,13198.416,507.767,5573.975,507.767,5064.952,507.767,4801.533
508.712,12673.626,508.712,13309.595,508.712,5588.047,508.712,4961.23,508.712,4796.159
509.658,12564.354,509.658,13054.283,509.658,5607.155,509.658,5007.969,509.658,4798.907
510.603,12520.54,510.603,12865.927,510.603,5559.272,510.603,4937.936,510.603,4789.325
511.549,12377.389,511.549,12627.923,511.549,5812.769,511.549,5017.915,511.549,4776.646
512.494,12495.406,512.494,12523.536,512.494,5862.879,512.494,5048.39,512.494,4763.446
513.44,12578.492,513.44,12287.901,513.44,5836.358,513.44,5026.57,513.44,4777.214
514.385,12446.812,514.385,12355.037,514.385,5836.441,514.385,5032.954,514.385,4792.009
515.331,12685.871,515.331,12170.984,515.331,5843.229,515.331,5003.146,515.331,4773.67
516.277,12684.686,516.277,12294.305,516.277,5820.052,516.277,4977.738,516.277,4774.437
517.222,12772.703,517.222,12164.408,517.222,5832.435,517.222,5013.509,517.222,4751.986
518.168,12663.542,518.168,11977.29,518.168,5817.387,518.168,5013.073,518.168,4760.051
519.113,12790.331,519.113,11572.012,519.113,5798.023,519.113,4955.428,519.113,4760.906
520.059,12675.75,520.059,11734.645,520.059,5786.273,520.059,5034.275,520.059,4779.257
521.004,12681.662,521.004,11543.419,521.004,5783.117,521.004,4995.46,521.004,4777.513
521.95,12724.754,521.95,11258.089,521.95,5808.298,521.95,5053.574,521.95,4765.239
522.896,12625.39,522.896,11328.74,522.896,5752.474,522.896,4998.708,522.896,4783.849
523.841,12837.601,523.841,11190.17,523.841,5757.936,523.841,5023.675,523.841,4744.578
524.787,12636.963,524.787,11145.206,524.787,5752.104,524.787,5012.136,524.787,4807.338
525.732,12620.201,525.732,11112.763,525.732,5746.251,525.732,5018.558,525.732,4753.417
526.678,12561.188,526.678,10977.839,526.678,5759.335,526.678,5018.518,526.678,4753.133
527.623,12609.195,527.623,10759.489,527.623,5757.959,527.623,4996.204,527.623,4754.624
528.569,12564.066,528.569,10731.968,528.569,5719.037,528.569,4981.697,528.569,4774.209
529.514,12750.819,529.514,10546.357,529.514,5746.641,529.514,5005.064,529.514,4758.883
530.46,12749.854,530.46,10694.209,530.46,5742.147,530.46,5015.479,530.46,4778.515
531.406,12397.642,531.406,10539.961,531.406,5737.343,531.406,5060.796,531.406,4745.439
532.351,12708.721,532.351,10256.773,532.351,5688.124,532.351,5033.955,532.351,4752.976
533.297,12543.434,533.297,10363.379,533.297,5706.143,533.297,5058.673,533.297,4797.07
534.242,12513.417,534.242,10129.275,534.242,5707.545,534.242,4922.374,534.242,4759.328
535.188,12519.688,535.188,10424.479,535.188,5689.121,535.188,4978.416,535.188,4779.475
536.133,12505.679,536.133,10006.455,536.133,5664.104,536.133,5014.65,536.133,4714.933
537.079,12476.295,537.079,10168.98,537.079,5687.376,537.079,4937.981,537.079,4762.205
538.025,12445.268,538.025,9947.659,538.025,5692.144,538.025,5018.64,538.025,4793.858
538.97,12410.42,538.97,10039.403,538.97,5664.589,538.97,4989.976,538.97,4735.77
539.916,12516.338,539.916,9903.649,539.916,5700.6,539.916,4939.663,539.916,4757.521
540.861,12367.916,540.861,9838.76,540.861,5661.12,540.861,4989.933,540.861,4758.42
541.807,12602.376,541.807,9730.717,541.807,5669.825,541.807,4972.949,541.807,4777.729
542.752,12448.565,542.752,9623.697,542.752,5668.989,542.752,5016.06,542.752,4768.896
543.698,12448.244,543.698,9772.151,543.698,5667.268,543.698,5018.309,543.698,4767.891
544.643,12409.417,544.643,9835.978,544.643,5662.867,544.643,4976.139,544.643,4761.116
545.589,12448.396,545.589,9562.939,545.589,5639.167,545.589,4953.566,545.589,4772.916
546.535,12466.866,546.535,9553.464,546.535,5600.721,546.535,4987.066,546.535,4768.127
547.48,12555.634,547.48,9429.747,547.48,5666.148,547.48,4900.831,547.48,4767.517
548.426,12411.625,548.426,9579.112,548.426,5608.424,548.426,5030.079,548.426,4748.066
549.371,12373.263,549.371,9485.969,549.371,5617.675,549.371,5042.07,549.371,4784.549
550.317,12562.353,550.317,9429.216,550.317,5627.869,550.317,5003.857,550.317,4712.498
551.262,12413.958,551.262,9315.133,551.262,5637.666,551.262,5000.46,551.262,4783.581
552.208,12383.496,552.208,9198.46,552.208,5636.415,552.208,4992.831,552.208,4775.972
553.154,12338.492,553.154,9171.505,553.154,5610.114,553.154,4993.384,553.154,4759.027
554.099,12490.651,554.099,9282.542,554.099,5616.337,554.099,4963.873,554.099,4773.272
555.045,12412.452,555.045,9039.998,555.045,5606.559,555.045,4993.045,555.045,4772.661
555.99,12430.922,555.99,9058.619,555.99,5602.937,555.99,4987.809,555.99,4773.629
556.936,12439.31,556.936,9140.142,556.936,5604.004,556.936,4984.862,556.936,4750.191
557.881,12404.483,557.881,8989.082,557.881,5604.764,557.881,5086.408,557.881,4742.177
558.827,12304.404,558.827,9014.549,558.827,5642.224,558.827,4980.455,558.827,4755.242
559.772,12432.643,559.772,8840.33,559.772,5630.56,559.772,4994.152,559.772,4769.05
560.718,12247.462,560.718,8800.052,560.718,5635.436,560.718,4994.121,560.718,4751.743
561.664,12399.341,561.664,9156.843,561.664,5589.439,561.664,5007.127,561.664,4738.702
562.609,12370.085,562.609,8730.86,562.609,5611.526,562.609,4930.74,562.609,4750.725
563.555,12365.151,563.555,8871.008,563.555,5589.356,563.555,4995.786,563.555,4796.492
564.5,12315.875,564.5,8857.618,564.5,5594.153,564.5,5050.629,564.5,4757.924
565.446,12528.223,565.446,8746.771,565.446,5592.305,565.446,4956.926,565.446,4731.286
566.391,12244.604,566.391,8648.629,566.391,5567.552,566.391,4935.369,566.391,4760.329
567.337,12263.802,567.337,8668.759,567.337,5566.794,567.337,4981.955,567.337,4755.028
568.283,12321.923,568.283,8824.052,568.283,5593.044,568.283,4969.739,568.283,4781.815
569.228,12328.149,569.228,8445.184,569.228,5578.084,569.228,4960.832,569.228,4828.292
570.174,12345.721,570.174,8530.834,570.174,5606.146,570.174,4974.333,570.174,4973.654
571.119,12062.959,571.119,8686.125,571.119,5577.58,571.119,4958.607,571.119,5093.336
572.065,12264.154,572.065,8517.86,572.065,5593.32,572.065,4968.912,572.065,5185.272
573.01,12136.443,573.01,8594.734,573.01,5557.072,573.01,4971.503,573.01,5254.525
573.956,12163.546,573.956,8592.596,573.956,5576.102,573.956,4920.74,573.956,5239.44
574.901,12232.763,574.901,8470.152,574.901,5573.409,574.901,4983.495,574.901,5245.979
575.847,12119.017,575.847,8384.028,575.847,5539.92,575.847,4938.3,575.847,5272.044
576.793,12054.119,576.793,8585.465,576.793,5553.433,576.793,5010.611,576.793,5239.164
577.738,12390.895,577.738,8386.864,577.738,5557.249,577.738,5044.788,577.738,5238.486
578.684,12310.057,578.684,8309.885,578.684,5583.933,578.684,4991.465,578.684,5266.242
579.629,12099.965,579.629,8297.683,579.629,5546.902,579.629,5004.975,579.629,5254.967
580.575,12229.247,580.575,8217.278,580.575,5561.736,580.575,4954.086,580.575,5243.938
581.52,12403.087,581.52,8185.552,581.52,5534.386,581.52,4992.967,581.52,5227.407
582.466,12107.725,582.466,8226.103,582.466,5553.17,582.466,4991.843,582.466,5213.185
583.411,12233.488,583.411,8369.86,583.411,5547.468,583.411,4987.495,583.411,5195.978
584.357,12160.826,584.357,8197.299,584.357,5557.837,584.357,4968.422,584.357,5206.379
585.303,12352.034,585.303,8353.132,585.303,5545.591,585.303,4947.742,585.303,5165.97
586.248,12179.688,586.248,7944.506,586.248,5547.841,586.248,4988.009,586.248,5211.858
587.194,12266.413,587.194,8020.451,587.194,5560.843,587.194,4958.651,587.194,5133.28
588.139,12068.592,588.139,8185.319,588.139,5536.659,588.139,4938.251,588.139,5119.527
589.085,11990.791,589.085,8026.926,589.085,5555.916,589.085,4923.756,589.085,5138.458
590.03,12129.706,590.03,7957.555,590.03,5558.922,590.03,4997.899,590.03,5138.055
590.976,12140.535,590.976,7985.037,590.976,5580.142,590.976,4919.135,590.976,5151.445
591.922,12201.661,591.922,8029.401,591.922,5528.114,591.922,4996.124,591.922,5132.32
592.867,12196.443,592.867,7869.07,592.867,5536.38,592.867,4947.466,592.867,5131.74
593.813,12056.59,593.813,7841.907,593.813,5557.869,593.813,4978.203,593.813,5104.68
594.758,12183.567,594.758,8060.856,594.758,5566.659,594.758,4958.543,594.758,5100.009
595.704,12138.924,595.704,8005.647,595.704,5528.543,595.704,4942.418,595.704,5114.523
596.649,11951.419,596.649,8001.271,596.649,5535.248,596.649,4925.88,596.649,5087.484
597.595,12308.679,597.595,7823.147,597.595,5525.037,597.595,4942.986,597.595,5097.362
598.54,12237.027,598.54,7960.981,598.54,5547.81,598.54,5028.553,598.54,5041.676
599.486,12174.71,599.486,7803.116,599.486,5527.099,599.486,4983.858,599.486,5104.122
600.432,12069.4,600.432,7951.18,600.432,5538.939,600.432,4973.228,600.432,5078.671
601.377,12084.022,601.377,7855.171,601.377,5512.845,601.377,4992.947,601.377,5065.261
602.323,11983.349,602.323,7721.634,602.323,5538.651,602.323,4962.297,602.323,5058.028
603.268,11980.169,603.268,7808.567,603.268,5569.199,603.268,4900.954,603.268,5027.65
604.214,12030.593,604.214,7649.019,604.214,5548.629,604.214,4940.692,604.214,5035.872
605.159,12062.896,605.159,7598.517,605.159,5561.561,605.159,5029.243,605.159,5005.638
606.105,12031.898,606.105,7875.051,606.105,5524.061,606.105,4939.157,606.105,5034.326
607.051,12295.38,607.051,7410.293,607.051,5518.992,607.051,4937.53,607.051,5026.836
607.996,12183.945,607.996,7689.545,607.996,5549.464,607.996,5043.87,607.996,5052.789
608.942,12081.822,608.942,7814.784,608.942,5560.352,608.942,4901.097,608.942,5026.101
609.887,12189.39,609.887,7711.457,609.887,5514.3,609.887,4986.915,609.887,5059.329
610.833,11914.882,610.833,7677.644,610.833,5522.554,610.833,4910.555,610.833,5031.771
611.778,12049.645,611.778,7619.003,611.778,5529.081,611.778,4962.341,611.778,5034.562
612.724,12208.983,612.724,7748.177,612.724,5513.972,612.724,4890.468,612.724,5028.332
613.669,12126.989,613.669,7745.49,613.669,5522.704,613.669,4946.046,613.669,5008.286
614.615,12099.076,614.615,7640.401,614.615,5529.975,614.615,4976.584,614.615,5024.006
615.561,12066.417,615.561,7524.657,615.561,5514.627,615.561,4883.533,615.561,5003.65
616.506,11919.661,616.506,7458.823,616.506,5532.085,616.506,4943.833,616.506,4997.973
617.452,12205.293,617.452,7668.206,617.452,5503.502,617.452,4898.448,617.452,5012.972
618.397,12194.237,618.397,7467.857,618.397,5530.881,618.397,5005.734,618.397,5021.03
619.343,12142.188,619.343,7423.105,619.343,5520.098,619.343,4929.688,619.343,5021.159
620.288,12000.566,620.288,7565.428,620.288,5523.801,620.288,4980.89,620.288,5000.433
621.234,12305.138,621.234,7414.49,621.234,5523.267,621.234,4866.309,621.234,5021.001
622.18,12217.611,622.18,7569.331,622.18,5508.469,622.18,4912.661,622.18,4967.111
623.125,11966.124,623.125,7444.735,623.125,5525.318,623.125,4962.145,623.125,4961.481
624.071,12216.288,624.071,7372.491,624.071,5535.752,624.071,4916.685,624.071,4981.352
625.016,12120.074,625.016,7491.224,625.016,5518.91,625.016,4929.498,625.016,4959.148
625.962,12266.938,625.962,7487.752,625.962,5535.473,625.962,4940.846,625.962,4965.026
626.907,12676.485,626.907,7430.996,626.907,5525.302,626.907,4888.571,626.907,4944.536
627.853,13414.889,627.853,7463.493,627.853,5479.212,627.853,4945.218,627.853,4924.699
628.798,14284.74,628.798,7781.213,628.798,5521.729,628.798,4970.924,628.798,4969.397
629.744,15685.735,629.744,8452.643,629.744,5534.968,629.744,4985.356,629.744,4962.536
630.69,16658.625,630.69,9670.053,630.69,5516.518,630.69,4891.281,630.69,4936.937
631.635,17209.848,631.635,12906.932,631.635,5503.008,631.635,4948.157,631.635,4985.661
632.581,18318.41,632.581,14800.003,632.581,5522.015,632.581,4925.958,632.581,4932.928
633.526,18998.65,633.526,15166.09,633.526,5503.877,633.526,4904.79,633.526,4899.702
634.472,20333.959,634.472,14844.227,634.472,5474.936,634.472,4983.351,634.472,4928.198
635.417,20788.121,635.417,14648.432,635.417,5540.387,635.417,5029.208,635.417,4926.473
636.363,20543.383,636.363,14412.021,636.363,5520.294,636.363,4975.037,636.363,4918.822
637.309,20276.033,637.309,14334.231,637.309,5536.253,637.309,4944.101,637.309,4918.988
638.254,20195.033,638.254,14101.723,638.254,5536.965,638.254,4903.479,638.254,4938.187
639.2,20000.934,639.2,14017.271,639.2,5523.019,639.2,4965.214,639.2,4949.236
640.145,20011.545,640.145,13687.027,640.145,5504.742,640.145,4914.934,640.145,4929.775
641.091,19547.059,641.091,13274.958,641.091,5541.688,641.091,4955.569,641.091,4903.243
642.036,19530.861,642.036,13499.712,642.036,5522.537,642.036,4896.878,642.036,4901.042
642.982,19253.445,642.982,13128.205,642.982,5528.195,642.982,4918.658,642.982,4906.612
643.927,19077.211,643.927,12762.111,643.927,5527.412,643.927,4949.348,643.927,4930.324
644.873,19164.057,644.873,12950.129,644.873,5508.254,644.873,4926.933,644.873,4922.764
645.819,18809.385,645.819,12812.058,645.819,5520.358,645.819,5023.4,645.819,4876.351
646.764,18927.562,646.764,12646.384,646.764,5506.501,646.764,4982.104,646.764,4897.64
647.71,18814.838,647.71,12490.563,647.71,5507.692,647.71,4867.359,647.71,4894.289
648.655,18653.979,648.655,12476.655,648.655,5502.684,648.655,4957.266,648.655,4897.38
649.601,18446.467,649.601,12153.168,649.601,5537.854,649.601,4942.142,649.601,4912.442
650.546,18230.762,650.546,12389.183,650.546,5558.179,650.546,4970.266,650.546,4945.267
651.492,18245.635,651.492,12156.188,651.492,5514.009,651.492,4939.322,651.492,4871.461
652.438,18065.221,652.438,11815.432,652.438,5520.018,652.438,4909.819,652.438,4850.704
653.383,18150.625,653.383,11800.017,653.383,5540.817,653.383,4902.033,653.383,4883.844
654.329,17929.562,654.329,11645.759,654.329,5530.126,654.329,4975.576,654.329,4877.169
655.274,17709.998,655.274,11524.597,655.274,5487.815,655.274,4952.909,655.274,4887.182
656.22,17956.328,656.22,11539.472,656.22,5530.238,656.22,4951.464,656.22,4910.114
657.165,17767.371,657.165,11234.099,657.165,5514.822,657.165,4899.737,657.165,4856.64
658.111,17688.908,658.111,11356.424,658.111,5502.716,658.111,5003.303,658.111,4873.736
659.056,17470.113,659.056,11092.436,659.056,5514.12,659.056,4957.262,659.056,4863.511
660.002,17276.914,660.002,10984.762,660.002,5530.271,660.002,4925.712,660.002,4849.042
660.948,17240.227,660.948,11042.666,660.948,5521.251,660.948,4969.783,660.948,4864.048
661.893,17323.061,661.893,10907.298,661.893,5532.047,661.893,4912.331,661.893,4855.672
662.839,17203.385,662.839,10926.369,662.839,5532.728,662.839,4963.629,662.839,4894.213
663.784,17204.242,663.784,10807.82,663.784,5540.945,663.784,4963.583,663.784,4873.958
664.73,17307.182,664.73,10581.298,664.73,5520.364,664.73,4922.061,664.73,4852.738
665.675,17055.797,665.675,10620.244,665.675,5506.561,665.675,4951.696,665.675,4838.992
666.621,16727.441,666.621,10574.175,666.621,5492.157,666.621,4951.856,666.621,4885.514
667.566,16861.982,667.566,10497.96,667.566,5519.211,667.566,4853.575,667.566,4872.417
668.512,16707.641,668.512,10362.731,668.512,5511.728,668.512,4944.95,668.512,4845.199
669.458,16780.744,669.458,10306.147,669.458,5512.305,669.458,4940.456,669.458,4860.272
670.403,16736.967,670.403,10297.595,670.403,5513.845,670.403,4930.264,670.403,4841.489
671.349,16768.588,671.349,10400.299,671.349,5504.765,671.349,4935.205,671.349,4851.993
672.294,16466.5,672.294,10040.748,672.294,5532.6,672.294,4906.948,672.294,4876.079
673.24,16454.881,673.24,10114.62,673.24,5522.982,673.24,4987.111,673.24,4856.5
674.185,16484.799,674.185,9886.73,674.185,5484.157,674.185,4943.3,674.185,4866.252
675.131,16490.221,675.131,9663.772,675.131,5531.044,675.131,4842.23,675.131,4848.055
676.077,16365.842,676.077,10132.777,676.077,5517.318,676.077,4934.925,676.077,4850.31
677.022,16258.752,677.022,9732.198,677.022,5549.486,677.022,4902.253,677.022,4819.035
677.968,16280.84,677.968,9396.91,677.968,5529.46,677.968,4916.919,677.968,4817.6
678.913,16119.865,678.913,9487.128,678.913,5545.569,678.913,4891.61,678.913,4862.142
679.859,16068.853,679.859,9613.329,679.859,5526.151,679.859,4917.104,679.859,4896.896
680.804,16004.55,680.804,9334.067,680.804,5598.766,680.804,4926.798,680.804,4854.758
681.75,16034.529,681.75,9643.286,681.75,5570.831,681.75,4918.055,681.75,4876.792
682.695,16055.586,682.695,9264.468,682.695,5586.001,682.695,4963.93,682.695,4840.171
683.641,15638.049,683.641,9387.309,683.641,5579.172,683.641,4852.137,683.641,4833.594
684.587,16005.333,684.587,9343.122,684.587,5565.021,684.587,4974.57,684.587,4837.609
685.532,15822.104,685.532,9370.925,685.532,5579.375,685.532,4844.49,685.532,4875.086
686.478,15718.284,686.478,9293.039,686.478,5577.745,686.478,4929.315,686.478,4847.976
687.423,15625.304,687.423,9237.203,687.423,5543.514,687.423,4914.182,687.423,4845.668
688.369,15552.463,688.369,8967.021,688.369,5567.972,688.369,4955.892,688.369,4856.726
689.314,15606.639,689.314,9119.761,689.314,5567.777,689.314,4974.291,689.314,4877.572
690.26,15537.711,690.26,9102.082,690.26,5591.325,690.26,4932.2,690.26,4861.315
691.206,15565.224,691.206,8919.058,691.206,5549.13,691.206,4833.072,691.206,4847.659
692.151,15341.96,692.151,8941.776,692.151,5565.4,692.151,4909.381,692.151,4839.012
693.097,15171.015,693.097,9105.433,693.097,5572.618,693.097,4873.271,693.097,4842.534
694.042,15285.003,694.042,9029.511,694.042,5547.874,694.042,4905.14,694.042,4843.467
694.988,15203.559,694.988,8724.145,694.988,5582.007,694.988,5002.918,694.988,4853.644
695.933,15263.244,695.933,8863.932,695.933,5606.712,695.933,4865.641,695.933,4829.149
696.879,15261.91,696.879,8704.253,696.879,5694.197,696.879,4930.513,696.879,4871.599
697.824,15080.446,697.824,8622.317,697.824,5848.533,697.824,4865.888,697.824,4841.277
698.77,15127.705,698.77,8616.015,698.77,5863.826,698.77,4941.31,698.77,4839.393
699.716,15173.632,699.716,8691.897,699.716,5837.497,699.716,4897.586,699.716,4851.807
700.661,15059.569,700.661,8497.271,700.661,5820.226,700.661,4855.409,700.661,4817.863
701.607,14967.078,701.607,8726.081,701.607,5778.783,701.607,4972.475,701.607,4843.033
702.552,14967.197,702.552,8570.422,702.552,5770.684,702.552,4921.591,702.552,4807.364
703.498,14813.896,703.498,8175.851,703.498,5793.057,703.498,4952.281,703.498,4823.082
704.443,14859.486,704.443,8462.396,704.443,5775.965,704.443,4969.933,704.443,4845.508
705.389,14885.28,705.389,8419.796,705.389,5793.151,705.389,4929.062,705.389,4831.965
706.335,14817.284,706.335,8375.538,706.335,5761.045,706.335,4986.289,706.335,4828.975
707.28,14389.088,707.28,8471.803,707.28,5788.124,707.28,4854.576,707.28,4819.409
708.226,14531.327,708.226,8298.91,708.226,5773.295,708.226,4908.681,708.226,4830.568
709.171,14732.086,709.171,8234.081,709.171,5747.107,709.171,4929.708,709.171,4842.215
710.117,14404.404,710.117,8335.695,710.117,5750.43,710.117,4965.61,710.117,4835.938
711.062,14447.317,711.062,8255.016,711.062,5749.198,711.062,4838.611,711.062,4826.926
712.008,14532.727,712.008,8184.268,712.008,5708.813,712.008,4916.023,712.008,4844.958
712.953,14338.379,712.953,8170.202,712.953,5742.713,712.953,4976.765,712.953,4846.457
713.899,14574.145,713.899,8205.256,713.899,5693.136,713.899,4915.225,713.899,4815.817
714.845,14424.064,714.845,8196.193,714.845,5677.423,714.845,4945.113,714.845,4802.789
715.79,14320.424,715.79,8162.635,715.79,5696.904,715.79,5006.959,715.79,4841.941
716.736,14145.844,716.736,8140.279,716.736,5722.645,716.736,5222.34,716.736,4874.79
717.681,14343.127,717.681,8068.784,717.681,5688.041,717.681,5278.496,717.681,4871.57
718.627,14390.274,718.627,8258.541,718.627,5677.564,718.627,5646.585,718.627,4861.97
719.572,14240.061,719.572,8071.126,719.572,5675.618,719.572,6145.78,719.572,4884.444
720.518,14296.641,720.518,8193.521,720.518,5684.629,720.518,6940.805,720.518,4877.383
721.464,14217.343,721.464,7782.885,721.464,5645.217,721.464,6967.292,721.464,4854.299
722.409,14196.456,722.409,8020.554,722.409,5664.494,722.409,7009.062,722.409,4866.338
723.355,14053.19,723.355,7870.782,723.355,5657.661,723.355,6860.634,723.355,4873.193
724.3,14045.508,724.3,8134.188,724.3,5662.714,724.3,6878.297,724.3,4838.488
725.246,13860.646,725.246,8208.843,725.246,5647.658,725.246,6749.919,725.246,4820.764
726.191,13951.554,726.191,7959.2,726.191,5658.615,726.191,6691.786,726.191,4869.317
727.137,13932.367,727.137,7941.986,727.137,5641.447,727.137,6702.135,727.137,4823.143
728.082,13820.504,728.082,7848.992,728.082,5667.727,728.082,6641.803,728.082,4833.004
729.028,13871.279,729.028,7923.665,729.028,5639.06,729.028,6633.377,729.028,4837.311
729.974,14056.864,729.974,7812.356,729.974,5661.218,729.974,6643.459,729.974,4837.093
730.919,13775.508,730.919,7661.284,730.919,5630.163,730.919,6472.312,730.919,4831.316
731.865,13868.574,731.865,7878.667,731.865,5637.01,731.865,6413.888,731.865,4831.39
732.81,13990.132,732.81,7805.627,732.81,5639.641,732.81,6495.744,732.81,4861.776
733.756,14050.063,733.756,7768.144,733.756,5608.487,733.756,6509.476,733.756,4824.946
734.701,13728.643,734.701,7652.727,734.701,5618.904,734.701,6468.053,734.701,4832.603
735.647,13737.1,735.647,7759.82,735.647,5628.938,735.647,6359.188,735.647,4826.642
736.592,13867.017,736.592,7790.16,736.592,5597.653,736.592,6365.276,736.592,4790.489
737.538,13869.057,737.538,7699.021,737.538,5615.517,737.538,6312.77,737.538,4819.057
738.484,13744.408,738.484,7540.562,738.484,5596.732,738.484,6299.392,738.484,4858.715
739.429,13735.991,739.429,7632.432,739.429,5592.882,739.429,6170.7,739.429,4819.761
740.375,13692.952,740.375,7661.983,740.375,5608.704,740.375,6227.415,740.375,4812.713
741.32,13544.728,741.32,7608.428,741.32,5588.915,741.32,6204.823,741.32,4791.946
742.266,13749.072,742.266,7734.514,742.266,5594.041,742.266,6068.824,742.266,4832.624
743.211,13494.702,743.211,7468.003,743.211,5621.995,743.211,6085.91,743.211,4828.178
744.157,13546.974,744.157,7490.085,744.157,5600.361,744.157,6112.989,744.157,4811.422
745.103,13428.751,745.103,7542.784,745.103,5550.765,745.103,6042.063,745.103,4817.924
746.048,13316.487,746.048,7519.007,746.048,5604.276,746.048,6085.856,746.048,4845.584
746.994,13379.536,746.994,7522.101,746.994,5569.74,746.994,5919.809,746.994,4805.889
747.939,13492.089,747.939,7589.971,747.939,5566.115,747.939,5890.646,747.939,4843.008
748.885,13420.993,748.885,7594.711,748.885,5564.678,748.885,5957.477,748.885,4830.71
749.83,13348.657,749.83,7600.965,749.83,5568.497,749.83,5925.627,749.83,4807.637
750.776,13387.082,750.776,7339.369,750.776,5578.88,750.776,5842.493,750.776,4786.917
751.721,13395.529,751.721,7591.587,751.721,5569.252,751.721,5858.791,751.721,4862.03
752.667,13360.88,752.667,7367.381,752.667,5576.806,752.667,5883.891,752.667,4779.03
753.613,13383.13,753.613,7513.901,753.613,5566.709,753.613,5788.492,753.613,4808.658
754.558,13273.211,754.558,7600.419,754.558,5587.034,754.558,5821.331,754.558,4822.97
755.504,13347.784,755.504,7459.128,755.504,5542.056,755.504,5770.664,755.504,4838.112
756.449,13388.464,756.449,7464.116,756.449,5559.885,756.449,5757.081,756.449,4802.633
757.395,13369.707,757.395,7363.7,757.395,5593.473,757.395,5770.121,757.395,4846.716
758.34,13263.584,758.34,7482.717,758.34,5555.379,758.34,5712.626,758.34,4834.325
759.286,13239.784,759.286,7375.933,759.286,5507.186,759.286,5590.181,759.286,4814.64
760.232,13202.54,760.232,7342.509,760.232,5567.406,760.232,5658.15,760.232,4842.999
761.177,13183.053,761.177,7384.585,761.177,5542.952,761.177,5696.227,761.177,4819.318
762.123,13346.919,762.123,7512.845,762.123,5577.439,762.123,5669.448,762.123,4832.265
763.068,13351.929,763.068,7288.099,763.068,5554.885,763.068,5649.519,763.068,4792.059
764.014,13590.074,764.014,7345.94,764.014,5548.367,764.014,5675.158,764.014,4840.866
764.959,13965.926,764.959,7342.133,764.959,5565.708,764.959,5616.98,764.959,4800.347
765.905,14004.305,765.905,7212.286,765.905,5552.763,765.905,5525.771,765.905,4830.376
766.85,13871.083,766.85,7326.219,766.85,5555.134,766.85,5576.938,766.85,4807.613
767.796,13960.542,767.796,7244.35,767.796,5566.369,767.796,5506.314,767.796,4820.45
768.742,13910.076,768.742,7283.564,768.742,5527.237,768.742,5485.574,768.742,4841.15
769.687,13775.775,769.687,7356.898,769.687,5535.198,769.687,5508.285,769.687,4831.197
770.633,13863.021,770.633,7256.792,770.633,5509.15,770.633,5447.151,770.633,4826.63
771.578,13764.245,771.578,7377.536,771.578,5545.32,771.578,5521.581,771.578,4811.361
772.524,13712.104,772.524,7107.728,772.524,5539.299,772.524,5393.604,772.524,4834.417
773.469,13761.562,773.469,7271.792,773.469,5535.367,773.469,5473.93,773.469,4846.323
774.415,13693.744,774.415,7091.438,774.415,5555.28,774.415,5356.147,774.415,4776.843
775.36,13569.673,775.36,7193.858,775.36,5541.422,775.36,5390.58,775.36,4825.363
776.306,13505.722,776.306,7319.229,776.306,5539.742,776.306,5431.359,776.306,4842.529
777.252,13568.178,777.252,7405.151,777.252,5570.899,777.252,5431.108,777.252,4825.22
778.197,13669.837,778.197,8067.339,778.197,5535.769,778.197,5401.192,778.197,4817.191
779.143,13585.981,779.143,9712.454,779.143,5515,779.143,5370.861,779.143,4841.783
780.088,13513.863,780.088,12606.19,780.088,5519.528,780.088,5359.194,780.088,4843.395
781.034,13532.691,781.034,15858.779,781.034,5532.145,781.034,5397.862,781.034,4889.339
781.979,13461.122,781.979,16396.477,781.979,5509.384,781.979,5361.109,781.979,4857.562
782.925,13446.711,782.925,16239.533,782.925,5535.855,782.925,5367.137,782.925,4856.121
783.871,13270.363,783.871,16151.816,783.871,5531.166,783.871,5346.049,783.871,4884.82
784.816,13251.141,784.816,15516.267,784.816,5525.128,784.816,5301.976,784.816,4863.947
785.762,13227.857,785.762,15368.736,785.762,5542.141,785.762,5307.124,785.762,4871.264
786.707,13483.066,786.707,15141.508,786.707,5559.811,786.707,5319.067,786.707,4878.92
787.653,13245.348,787.653,14995.833,787.653,5511.817,787.653,5228.48,787.653,4874.837
788.598,13231.81,788.598,14699.926,788.598,5509.944,788.598,5216.547,788.598,4867.219
789.544,13293.961,789.544,14416.768,789.544,5539.663,789.544,5294.837,789.544,4875.809
790.49,13241.149,790.49,14507.875,790.49,5548.689,790.49,5227.935,790.49,4869.946
791.435,13183.11,791.435,14303.839,791.435,5529.231,791.435,5215.681,791.435,4855.322
792.381,13163.378,792.381,14079.894,792.381,5527.219,792.381,5163.906,792.381,4859.872
793.326,13127.627,793.326,13920.937,793.326,5524.912,793.326,5204.452,793.326,4866.74
794.272,13021.022,794.272,13542.825,794.272,5522.594,794.272,5184.359,794.272,4823.212
795.217,13118.99,795.217,13422.868,795.217,5518.281,795.217,5247.173,795.217,4888.68
796.163,12790.602,796.163,13461.388,796.163,5539.349,796.163,5235.792,796.163,4870.359
797.108,13291.092,797.108,13202.288,797.108,5504.265,797.108,5162.381,797.108,4873.467
798.054,13161.868,798.054,13025.202,798.054,5520.051,798.054,5191.708,798.054,4852.729
799,13108.814,799,12749.058,799,5495.482,799,5119.317,799,4842
799.945,13104.039,799.945,12845.198,799.945,5517.482,799.945,5149.306,799.945,4878.286
800.891,13010.443,800.891,12426.651,800.891,5521.438,800.891,5123.281,800.891,4876.496
801.836,12955.099,801.836,12537.554,801.836,5505.14,801.836,5184.439,801.836,4861.206
802.782,13037.301,802.782,12408.931,802.782,5525.678,802.782,5129.957,802.782,4848.25
803.727,13104.232,803.727,12358.037,803.727,5505.884,803.727,5156.83,803.727,4888.188
804.673,13088.09,804.673,12023.021,804.673,5485.025,804.673,5167.432,804.673,4856.381
805.618,12893.799,805.618,12218.777,805.618,5528.98,805.618,5102.444,805.618,4858.642
806.564,13095.55,806.564,11984.685,806.564,5515.623,806.564,5163.129,806.564,4818.128
807.51,13022.36,807.51,11921.903,807.51,5465.012,807.51,5127.46,807.51,4848.879
808.455,12901.959,808.455,11738.501,808.455,5518.385,808.455,5150.393,808.455,4828.478
809.401,12818.743,809.401,11427.479,809.401,5490.012,809.401,5128.773,809.401,4856.258
810.346,12965.345,810.346,11552.634,810.346,5496.518,810.346,5109.386,810.346,4863.637
811.292,12854.189,811.292,11383.057,811.292,5499.75,811.292,5051.971,811.292,4847.572
812.237,12897.186,812.237,11236.077,812.237,5501.763,812.237,5062.883,812.237,4842.662
813.183,12883.283,813.183,11237.11,813.183,5506.782,813.183,4988.925,813.183,4836.381
814.129,12854.23,814.129,11133.008,814.129,5518.227,814.129,5072.774,814.129,4803.551
815.074,12791.316,815.074,11157.161,815.074,5503.05,815.074,5103.587,815.074,4885.521
816.02,12907.754,816.02,10898.989,816.02,5536.408,816.02,5056.647,816.02,4835.88
816.965,12859.207,816.965,10762.564,816.965,5469.585,816.965,4973.955,816.965,4840.363
817.911,13067.22,817.911,10741.744,817.911,5501.104,817.911,5066.217,817.911,4843.476
818.856,12943.697,818.856,10622.747,818.856,5504.657,818.856,5091.236,818.856,4858.76
819.802,12913.571,819.802,10412.906,819.802,5504.592,819.802,5030.578,819.802,4827.513
820.747,12776.494,820.747,10523.312,820.747,5510.908,820.747,5026.725,820.747,4856.155
821.693,12660.526,821.693,10225.625,821.693,5504.736,821.693,5067.915,821.693,4848.851
822.639,12690.91,822.639,10501.689,822.639,5510.168,822.639,5013.96,822.639,4855.635
823.584,12647.494,823.584,10134.433,823.584,5507.383,823.584,4977.869,823.584,4848.451
824.53,12838.341,824.53,10137.83,824.53,5495.234,824.53,5049.399,824.53,4843.026
825.475,12734.653,825.475,10262.675,825.475,5477.067,825.475,5033.489,825.475,4835.007
826.421,12594.132,826.421,10069.121,826.421,5493.823,826.421,5006.138,826.421,4835.962
827.366,12767.455,827.366,10206.444,827.366,5489.288,827.366,5020.592,827.366,4832.305
828.312,12761.937,828.312,9962.083,828.312,5500.173,828.312,4951.339,828.312,4888.601
829.258,12706.74,829.258,9893.587,829.258,5491.862,829.258,4957.671,829.258,4837.203
830.203,12740.321,830.203,9941.263,830.203,5468.596,830.203,4976.463,830.203,4822.941
831.149,11877.512,831.149,9787.613,831.149,5482.829,831.149,4964.642,831.149,4841.169
832.094,12923.376,832.094,9804.337,832.094,5497.904,832.094,4983.098,832.094,4827.62
833.04,12769.179,833.04,9696.928,833.04,5496.356,833.04,4977.548,833.04,4838.293
833.985,12921.708,833.985,9734.746,833.985,5520.896,833.985,4984.949,833.985,4867.315
834.931,13512.564,834.931,9629.695,834.931,5494.835,834.931,4962.363,834.931,4828.118
835.876,13626.005,835.876,9616.782,835.876,5502.278,835.876,4942.925,835.876,4830.993
836.822,13579.295,836.822,9796.059,836.822,5534.762,836.822,4934.685,836.822,4820.911
837.768,13619.705,837.768,9774.129,837.768,5490.01,837.768,4928.865,837.768,4809.108
838.713,13594.325,838.713,9612.369,838.713,5515.682,838.713,4997.787,838.713,4809.368
839.659,13525.019,839.659,9629.068,839.659,5452.375,839.659,4891.58,839.659,4840.255
840.604,13625.094,840.604,9628.495,840.604,5497.083,840.604,4932.687,840.604,4788.144
841.55,13444.994,841.55,9677.947,841.55,5512.641,841.55,4995.55,841.55,4856.79
842.495,13389.876,842.495,9260.458,842.495,5511.792,842.495,5001.16,842.495,4848.191
843.441,13399.262,843.441,9504.19,843.441,5501.178,843.441,4979.224,843.441,4839.887
844.386,13421.472,844.386,9164.058,844.386,5488.925,844.386,4982.34,844.386,4853.602
845.332,13169.225,845.332,9318.532,845.332,5485.851,845.332,4968.157,845.332,4858.074
846.278,13286.727,846.278,9288.101,846.278,5501.829,846.278,4905.632,846.278,4839.803
847.223,13382.135,847.223,9035.58,847.223,5485.858,847.223,5013.062,847.223,4862.616
848.169,13254.898,848.169,8967.083,848.169,5487.024,848.169,4964.559,848.169,4871.87
849.114,13248.09,849.114,9090.495,849.114,5503.52,849.114,4873.959,849.114,4852.364
850.06,13164.035,850.06,8990.901,850.06,5513.975,850.06,4908.484,850.06,4835.771
851.005,13203.511,851.005,9070.118,851.005,5506.932,851.005,5006.176,851.005,4862.367
851.951,13234.193,851.951,9062.117,851.951,5517.932,851.951,4907.539,851.951,4832.976
852.897,13264.553,852.897,8772.905,852.897,5516.384,852.897,4939.041,852.897,4849.811
853.842,13214.319,853.842,8729.471,853.842,5500.101,853.842,4941.092,853.842,4842.113
854.788,13159.826,854.788,9020.691,854.788,5487.422,854.788,4891.251,854.788,4854.431
855.733,13172.786,855.733,8756.292,855.733,5480.178,855.733,5012.636,855.733,4871.493
856.679,13127.787,856.679,8646.323,856.679,5495.017,856.679,4919.658,856.679,4838.136
857.624,13276.782,857.624,8666.5,857.624,5503.6,857.624,4915.422,857.624,4830.134
858.57,13256.771,858.57,8526.448,858.57,5514.634,858.57,4887.216,858.57,4835.749
859.516,13039.591,859.516,8726.572,859.516,5519.132,859.516,4952.309,859.516,4853.699
860.461,13131.142,860.461,8533.75,860.461,5511.408,860.461,4947.343,860.461,4823.039
861.407,12982.226,861.407,8584.644,861.407,5493.459,861.407,4910.629,861.407,4887.952
862.352,13105.363,862.352,8441.593,862.352,5482.053,862.352,4900.223,862.352,4835.823
863.298,12929.774,863.298,8384.07,863.298,5507.483,863.298,4930.002,863.298,4852.927
864.243,12967.409,864.243,8737.442,864.243,5497.797,864.243,4880.756,864.243,4872.49
865.189,12773.107,865.189,8406.208,865.189,5521.878,865.189,4896.417,865.189,4822.912
866.134,12954.232,866.134,8154.946,866.134,5530.932,866.134,4926.363,866.134,4865.532
867.08,13044.433,867.08,8338.532,867.08,5533.395,867.08,4887.437,867.08,4833.882
868.026,12798.591,868.026,8286.552,868.026,5540.437,868.026,4859.381,868.026,4838.053
868.971,13017.376,868.971,8122.015,868.971,5506.553,868.971,4899.11,868.971,4842.342
869.917,12811.858,869.917,7956.949,869.917,5531.743,869.917,4901.337,869.917,4838.033
870.862,12817.127,870.862,8318.65,870.862,5520.173,870.862,4877.944,870.862,4840.892
871.808,12912.89,871.808,7987.304,871.808,5534.881,871.808,4901.558,871.808,4829.209
872.753,12816.573,872.753,8074.945,872.753,5564.311,872.753,4857.289,872.753,4832.797
873.699,12783.822,873.699,8217.2,873.699,5513.113,873.699,4870.168,873.699,4830.276
874.644,12794.261,874.644,7933.772,874.644,5589.555,874.644,4902.89,874.644,4834.456
875.59,12747.961,875.59,8069.562,875.59,5603.716,875.59,4858.115,875.59,4881.558
876.536,12952.465,876.536,7980.875,876.536,5651.664,876.536,4843.843,876.536,4830.79
877.481,12695.82,877.481,8092.461,877.481,5624.985,877.481,4905.292,877.481,4840.026
878.427,12851.227,878.427,7758.824,878.427,5630.413,878.427,4847.47,878.427,4847.193
879.372,12573.197,879.372,8129.771,879.372,5618.252,879.372,4906.626,879.372,4835.765
880.318,12695.958,880.318,7991.02,880.318,5637.349,880.318,4920.55,880.318,4827.808
881.263,12695.402,881.263,7940.236,881.263,5654.199,881.263,4905.841,881.263,4829.669
882.209,12743.89,882.209,8024.22,882.209,5609.042,882.209,4836.95,882.209,4824.867
883.155,12734.011,883.155,7960.453,883.155,5626.857,883.155,4890.385,883.155,4846.72
884.1,12637.749,884.1,8031.216,884.1,5617.531,884.1,4876.584,884.1,4852.925
885.046,12533.691,885.046,7959.2,885.046,5774.424,885.046,4855.529,885.046,4855.842
885.991,12630.159,885.991,7880.821,885.991,5798.741,885.991,4661.38,885.991,4821.475
886.937,12564.293,886.937,7716.661,886.937,5779.063,886.937,4868.437,886.937,4812.674
887.882,12661.297,887.882,7806.279,887.882,5794.087,887.882,4844.126,887.882,4851.63
888.828,12589.698,888.828,7784.537,888.828,5766.609,888.828,4913.517,888.828,4841.72
889.773,12581.544,889.773,7805.326,889.773,5760.711,889.773,4935.831,889.773,4818.43
890.719,12601.954,890.719,7683.424,890.719,5750.036,890.719,4868.399,890.719,4862.349
891.665,12540.727,891.665,7866.547,891.665,5752.015,891.665,4859.556,891.665,4834.726
892.61,12533.541,892.61,7817.209,892.61,5753.039,892.61,4847.945,892.61,4845.261
893.556,12689.483,893.556,7577.208,893.556,5745.807,893.556,4796.949,893.556,4826.127
894.501,12538.419,894.501,7621.942,894.501,5742.148,894.501,4875.992,894.501,4861.476
895.447,12627.735,895.447,7626.427,895.447,5724.19,895.447,4911.167,895.447,4835.083
896.392,12471.426,896.392,7527.732,896.392,5733.16,896.392,4824.496,896.392,4837.242
897.338,12646.412,897.338,7634.442,897.338,5721.968,897.338,4897.242,897.338,4823.175
898.284,12632.524,898.284,7699.37,898.284,5717.095,898.284,4895.056,898.284,4843.398
899.229,12681.107,899.229,7684.587,899.229,5713.499,899.229,4851.665,899.229,4829.51
900.175,12464.34,900.175,7535.627,900.175,5717.877,900.175,4813.443,900.175,4849.225
901.12,12494.073,901.12,7364.344,901.12,5721.53,901.12,4876.604,901.12,4829.521
902.066,12476.532,902.066,7469.223,902.066,5681.972,902.066,4839.785,902.066,4833.414
903.011,12689.301,903.011,7683.941,903.011,5683.152,903.011,4863.656,903.011,4815.993
903.957,12396.992,903.957,7537.698,903.957,5682.76,903.957,4812.825,903.957,4824.128
904.902,12523.851,904.902,7594.702,904.902,5661.222,904.902,4707.907,904.902,4866.309
905.848,12745.153,905.848,7446.77,905.848,5653.746,905.848,4879.3,905.848,4863.522
906.794,12437.764,906.794,7485.8,906.794,5648.587,906.794,4853.61,906.794,4833.883
907.739,12523.847,907.739,7355.048,907.739,5648.051,907.739,4825.039,907.739,4813.672
908.685,12610.349,908.685,7647.626,908.685,5634.917,908.685,4807.884,908.685,4853.61
909.63,12404.965,909.63,7365.919,909.63,5629.951,909.63,4842.934,909.63,4834.875
910.576,12638.131,910.576,7325.229,910.576,5640.031,910.576,4770.749,910.576,4829.457
911.521,12626.297,911.521,7402.822,911.521,5629.626,911.521,4773.621,911.521,4868.744
912.467,12580.701,912.467,7490.457,912.467,5660.654,912.467,4845.921,912.467,4822.42
913.412,12480.851,913.412,7542.527,913.412,5625.615,913.412,4821.055,913.412,4848.203
914.358,12520.302,914.358,7352.681,914.358,5578.708,914.358,4862.406,914.358,4852.879
915.304,12447.266,915.304,7552.455,915.304,5624.82,915.304,4802.999,915.304,4839.187
916.249,12559.229,916.249,7392.521,916.249,5606.554,916.249,4744.36,916.249,4852.724
917.195,12432.614,917.195,7384.535,917.195,5604.367,917.195,4842.255,917.195,4838.852
918.14,12477.936,918.14,7373.971,918.14,5588.808,918.14,4867.1,918.14,4858.633
919.086,12501.067,919.086,7395.477,919.086,5614.368,919.086,4843.603,919.086,4845.594
920.031,12488.591,920.031,7511.014,920.031,5579.349,920.031,4856.064,920.031,4865.681
920.977,12484.646,920.977,7489.848,920.977,5611.59,920.977,4817.839,920.977,4858.402
921.923,12357.634,921.923,7459.066,921.923,5573.314,921.923,4821.004,921.923,4844.375
922.868,12506.115,922.868,7342.317,922.868,5595.7,922.868,4769.636,922.868,4810.347
923.814,12552.881,923.814,7356.636,923.814,5605.21,923.814,4809.465,923.814,4879.254
924.759,12498.906,924.759,7483.395,924.759,5588.417,924.759,4810.571,924.759,4857.053
925.705,12606.844,925.705,7296.844,925.705,5583.072,925.705,4829.159,925.705,4843.233
926.65,12404.961,926.65,7214.958,926.65,5568.775,926.65,4872.678,926.65,4846.344
927.596,12320.267,927.596,7231.914,927.596,5588.314,927.596,4821.934,927.596,4824.474
928.542,12303.88,928.542,7420.277,928.542,5574.726,928.542,4768.855,928.542,4837.778
929.487,12389.109,929.487,7395.553,929.487,5563.333,929.487,4832.941,929.487,4832.215
930.433,12486.7,930.433,7279.04,930.433,5574.792,930.433,4838.689,930.433,4849.407
931.378,12437.85,931.378,7310.851,931.378,5565.358,931.378,4756.271,931.378,4870.698
932.324,12168.941,932.324,7334.946,932.324,5582.01,932.324,4840.408,932.324,4849.561
933.269,12322.327,933.269,7226.469,933.269,5553.389,933.269,4821.714,933.269,4855.961
934.215,12338.553,934.215,7184.046,934.215,5553.918,934.215,4830.681,934.215,4837.167
935.16,12261.686,935.16,7302.545,935.16,5548.869,935.16,4841.488,935.16,4834.444
936.106,12232.195,936.106,7338.727,936.106,5560.549,936.106,4808.011,936.106,4862.144
937.052,12371.121,937.052,7213.205,937.052,5570.297,937.052,4805.539,937.052,4842.77
937.997,12145.854,937.997,7160.591,937.997,5538.099,937.997,4836.643,937.997,4838.125
938.943,12240.205,938.943,7215.628,938.943,5517.518,938.943,4745.6,938.943,4855.723
939.888,12358.491,939.888,7208.371,939.888,5553.299,939.888,4859.447,939.888,4823.562
940.834,12316.459,940.834,7159.974,940.834,5545.943,940.834,4821.205,940.834,4859.474
941.779,12211.033,941.779,7343.989,941.779,5533.832,941.779,4749.163,941.779,4874.036
942.725,12372.344,942.725,7196.652,942.725,5545.624,942.725,4836.347,942.725,4894.661
943.67,12063.363,943.67,7088.063,943.67,5546.163,943.67,4793.44,943.67,4852.279
944.616,12343.746,944.616,7186.451,944.616,5543.307,944.616,4742.321,944.616,4825.812
