Mean,Mean,Mean,Mean
106.5977,40.7622,36.026,30.1942
24.4204,41.3987,36.4122,30.3884
23.8001,40.489,36.8048,30.6702
24.614,41.05,35.5589,30.4247
24.0171,40.7085,36.3256,30.6206
24.1881,40.8285,36.198,29.8119
23.9636,40.606,35.7224,30.6005
24.1898,40.9441,35.9771,30.9311
23.8938,41.1138,35.7675,30.7932
24.3297,41.2218,35.6821,30.034
23.8531,41.5133,35.4738,29.5915
23.492,40.8098,35.2817,30.5731
23.7541,41.0585,35.4663,30.0381
24.3538,41.342,35.391,30.4516
24.3443,41.1497,35.3841,30.3887
24.3321,41.143,35.181,29.5615
24.1565,41.2964,35.0672,30.0013
24.1933,41.2319,35.3311,30.0441
24.3747,40.6369,35.1313,29.5614
23.8258,40.7936,34.472,30.5072
24.0131,41.193,34.8731,30.2574
24.6732,41.505,34.992,29.8859
23.8459,40.9269,34.9749,29.7016
23.8859,40.6192,34.7967,29.1906
24.5226,40.7376,34.2739,30.2278
24.0024,41.2162,34.7921,29.1213
24.2326,40.6686,34.4443,29.6419
23.6256,40.8025,34.8912,29.755
24.0371,40.129,34.5857,29.842
23.5902,40.6296,34.5705,29.7873
23.6849,40.0717,35.1344,29.4239
24.1206,40.6379,34.3361,29.7548
23.5942,40.1125,34.2015,29.8737
24.4831,39.9724,34.255,29.7677
23.936,40.1678,34.3416,29.3393
23.7673,40.3108,34.0322,29.525
24.2767,39.9524,33.5885,29.885
23.4361,40.8252,33.9928,28.8097
23.3432,40.5466,34.6494,29.4216
23.5781,41.1861,34.6933,29.6615
23.7147,40.3429,33.6721,29.328
23.7485,40.3491,34.2824,29.1443
23.2648,40.0926,33.9749,29.1293
23.5115,40.309,33.8609,29.3282
23.7332,39.4532,33.9793,29.3885
23.9446,39.8229,34.0951,29.5479
23.57,39.9258,34.1498,29.71
23.6705,39.6221,34.065,29.2921
23.584,40.2291,34.087,29.6489
23.9563,39.1542,34.5728,29.793
23.3523,39.5797,34.5445,29.348
23.6515,40.4599,33.8176,24.7285
23.4046,39.3027,31.7399,30.081
23.3342,39.6915,33.3826,27.8892
23.6722,36.2845,33.6122,26.3615
21.4487,36.3365,34.1019,27.1015
21.6854,30.9033,32.5187,24.9561
21.2247,32.6762,32.8506,22.6961
21.0338,39.1027,33.2671,28.8787
21.2922,39.489,32.9977,28.5994
22.3812,36.5513,33.8126,28.4763
23.3478,35.6883,34.1732,28.7137
23.3219,39.5164,33.1849,29.0845
23.4838,39.6895,33.3629,28.5552
22.9306,39.3066,33.4055,28.7543
24.8005,39.2517,33.0469,28.363
23.3397,39.6791,33.1061,28.3456
22.4607,39.388,32.7829,28.5762
22.7413,39.4384,33.0519,28.9043
24.3607,39.114,33.6129,28.9624
23.2616,39.7117,33.4615,28.4984
23.8429,39.2251,33.1084,28.8341
23.3252,39.7522,33.035,28.7043
23.0303,39.3575,33.2736,29.0002
23.8696,39.6752,32.9976,29.1079
23.2668,40.1663,32.7462,28.7715
23.0383,39.8226,32.8362,28.697
23.0546,39.1976,33.2071,28.6896
23.6622,40.1408,32.5858,28.7806
23.1098,39.7442,32.7925,28.8071
22.6792,39.8197,33.1888,29.1691
23.7479,39.8859,32.868,29.2716
23.6063,39.2635,33.2784,29.0501
23.3625,39.7074,33.2404,28.6608
23.5342,38.8279,32.9186,28.9379
23.5493,39.0327,32.6581,28.7967
23.7629,39.0671,32.843,28.1842
23.4355,39.4506,33.0947,28.5657
23.2183,39.3905,33.3101,28.5216
23.4537,38.6702,33.564,28.8463
22.9595,39.6808,33.2951,28.551
22.8597,39.1691,33.0072,27.8312
23.2277,39.1258,33.2169,28.3637
23.4638,39.36,32.9845,28.5125
23.1558,39.5851,32.728,28.4825
23.3941,39.3135,32.7809,28.2655
22.9202,39.6992,32.6249,28.6228
23.0316,39.7247,33.0966,28.6185
23.2551,39.1576,32.75,28.5194
23.2411,39.5224,32.8685,28.7331
23.3677,38.9819,32.3658,28.6862
23.1412,39.1475,32.4457,28.3642
23.3215,39.1264,32.3667,28.4753
23.0954,39.0071,32.4614,28.6177
22.7428,39.267,32.4472,28.5725
22.8527,38.7617,32.6488,28.4297
23.151,38.8751,32.8077,28.542
22.9305,38.7685,32.0133,29.2597
22.8329,39.0607,32.3399,28.7198
23.2547,38.39,32.1329,28.8207
23.1714,39.0849,32.571,28.3053
23.0912,38.6968,32.4705,28.2656
23.2152,38.8173,32.4966,27.9368
23.32,39.1931,32.8237,28.1598
22.9093,39.3342,32.9844,28.2989
22.4795,39.2931,32.7042,28.2428
22.4877,39.2253,32.4208,28.4061
22.8097,39.3466,32.7013,28.5307
22.889,39.1967,32.069,27.9309
23.114,38.768,31.7578,28.1156
22.3201,38.9779,32.0319,28.6501
22.7669,38.5734,32.6013,28.1109
22.8254,38.9121,32.6496,28.7256
22.6003,38.9685,32.6067,28.3865
22.9418,38.9548,32.5877,29.0503
22.4096,39.2449,32.46,28.3089
22.0322,39.2025,32.4962,28.4608
22.6206,39.0176,32.7451,28.0737
22.9949,38.8957,32.2279,28.1106
22.9395,38.7295,32.61,28.2569
22.5757,38.9825,32.5529,27.4023
22.6817,38.6206,32.3738,28.1238
22.9004,39.1167,32.7804,27.6925
22.7891,38.9551,31.9871,28.0717
22.8635,38.3366,31.9122,28.3198
22.7614,38.1222,32.6622,27.9031
22.7243,38.0623,32.4062,28.305
22.9881,38.858,32.1366,28.4391
22.3401,38.2693,32.3081,28.6582
22.7589,38.8788,32.2777,28.4695
22.4443,38.9458,32.5105,28.5061
22.7194,38.2969,32.3295,28.5561
22.9733,38.3925,32.7012,28.3151
22.4892,38.6593,32.7528,27.7674
22.2718,38.7144,32.0631,28.2112
22.5574,38.16,32.1495,28.9465
22.883,38.6554,32.0646,28.0773
22.5384,38.6271,31.3114,27.9125
23.1399,38.2629,32.1111,28.4099
21.9402,38.3112,32.515,28.4094
22.4377,38.7202,32.0799,28.351
22.6931,37.8807,31.9993,28.1429
22.325,38.7209,32.0167,28.1468
23.0492,38.1385,32.3558,28.1865
22.6757,38.6972,32.2081,28.253
22.5046,38.4726,31.8415,27.5541
22.9247,38.3831,31.6151,28.3675
22.7861,38.2099,32.335,27.6917
22.4456,38.1994,32.2816,27.5544
22.7747,38.0242,31.9715,27.9316
23.037,37.8355,32.3166,27.8869
22.9665,38.2861,32.1935,27.8024
22.5195,38.0065,32.1568,27.8105
22.8541,37.8836,32.1379,28.0843
22.9162,37.9292,32.1917,28.1048
22.8778,38.2459,31.531,27.8024
22.4421,37.9138,31.6997,27.8478
22.8244,38.3689,31.6904,28.2442
23.1885,38.5963,31.9384,27.7915
23.2154,38.2562,32.3258,28.0941
23.0026,38.7376,32.2396,27.9183
22.8439,37.8102,31.6134,28.3588
23.2312,37.4902,31.7759,28.3919
23.1162,38.1917,32.0293,28.0824
22.7942,38.2346,31.9553,28.2314
23.1391,38.2786,32.3272,27.9693
22.7531,38.365,32.145,28.2714
22.766,38.6509,32.3723,28.0073
23.1738,37.9647,31.6059,28.4894
22.7357,37.5341,32.155,28.4019
22.9696,37.8807,32.3148,28.2986
22.7275,38.3199,32.3925,28.3569
22.3676,38.7996,31.9472,28.1892
22.4769,37.9941,32.4638,28.3683
22.6713,38.7586,31.8466,27.939
22.7074,38.4243,32.808,28.0747
22.789,38.1017,31.91,27.6745
22.5243,38.2705,32.1816,27.6369
22.7164,37.87,31.8039,28.7402
23.0901,37.7199,32.1693,28.1379
22.2594,37.8454,32.1559,28.2429
22.2959,38.2564,32.3691,28.6897
22.8293,37.7337,31.9328,28.1953
22.5118,37.7948,31.8525,28.1643
22.761,38.3952,31.9959,28.3056
22.6123,37.1456,31.4778,28.4425
22.7953,37.6794,32.0076,28.204
22.6623,38.3775,31.7439,27.8799
22.7007,37.6056,32.0583,27.6428
22.6299,37.8664,31.9913,28.2247
22.409,37.6872,31.6528,28.0306
22.9595,37.4149,31.8294,27.6879
22.8733,37.7976,32.4129,27.9668
22.2382,38.3396,32.3115,28.3228
22.7834,37.5246,32.1144,27.9565
22.6374,38.4163,31.7374,28.5722
22.9785,38.1845,32.3962,27.6802
22.5275,37.7711,32.2151,28.0968
22.0236,37.6032,32.1166,27.9802
22.1449,38.2303,31.6719,28.5468
22.4324,37.5242,31.6895,27.9707
22.4263,37.3923,31.6548,27.9708
22.4441,38.1441,31.7188,27.8641
22.2507,37.9981,31.7717,27.7695
22.6208,37.5733,31.5887,28.6878
21.9046,37.3831,32.0153,28.5828
23.0791,38.1726,31.2132,28.1442
22.3921,37.9961,31.3225,28.2103
22.2437,37.6052,32.1214,27.5301
21.7578,37.6969,31.4914,27.9772
21.9775,37.9443,31.5884,28.1387
22.444,38.0427,31.0887,28.0011
22.0905,37.9615,31.4996,27.9052
22.5672,37.4588,32.0221,27.8064
22.378,37.6953,31.3767,28.1489
22.4557,37.346,31.33,27.9166
22.0394,37.9699,32.1677,28.0057
22.8434,38.1709,31.6566,28.0156
22.8455,38.0981,32.0414,27.4477
22.4481,38.2954,31.9667,28.4181
22.1766,37.7127,31.4016,28.2012
22.7828,37.7586,31.8816,28.3505
22.5805,37.5375,31.5756,27.8439
22.6698,38.3662,31.8981,27.6739
22.3727,37.4102,31.9519,28.4604
22.3725,37.4965,32.1099,28.2059
22.9615,37.6259,31.5042,28.2787
22.1377,37.804,31.4743,28.8263
23.0491,38.1571,31.3733,27.829
22.3671,37.7904,31.3545,28.1149
22.4881,37.7689,32.0228,28.4744
22.349,37.5369,31.23,28.1778
22.1765,37.9212,31.0138,28.2412
21.9947,37.903,31.3561,28.3986
22.3159,37.6807,31.9322,28.7387
22.0311,37.7943,31.4242,28.0208
22.1911,37.7933,31.2718,28.2969
22.4186,37.6536,31.1143,28.1626
22.4337,37.7097,31.6175,28.283
22.3641,37.6323,31.1345,27.9688
21.9679,37.7821,31.268,28.3988
22.1008,37.3852,31.5616,28.1837
22.1987,37.7851,31.383,28.6565
22.554,37.4242,31.5577,28.691
22.3491,37.727,31.5729,28.2172
22.2076,38.0023,31.9562,28.087
22.6984,38.1997,31.5979,28.0651
22.4141,37.2841,30.9308,28.664
22.7634,37.3126,31.7364,28.0332
22.0174,37.6538,31.4657,28.6176
21.9509,37.967,31.4938,29.0451
22.2439,37.4026,31.0786,29.2004
22.653,37.9783,31.1079,28.8384
21.3773,37.7496,30.7718,29.6493
22.0332,37.6376,31.4644,30.1934
22.4757,37.3566,30.9563,30.812
22.4881,37.5999,30.9417,31.5071
22.6907,37.6318,31.4002,32.1549
22.8994,37.7601,30.9315,32.8704
22.7697,37.6055,30.6541,33.2657
22.5189,37.6168,31.0589,33.9646
22.1877,37.2013,30.7295,35.3433
22.3943,36.8815,30.7994,34.8098
22.1985,37.7761,30.4253,37.3903
22.2031,37.5693,30.9178,38.8523
22.1526,37.4378,30.6198,40.6187
22.6784,37.5519,30.9509,42.6013
22.0809,37.7803,31.1985,43.7888
21.7202,37.5075,30.9825,44.757
21.7796,37.6037,30.5926,45.7419
21.9493,37.2204,31.2767,46.1455
21.4619,37.6584,30.9511,45.9448
21.8898,37.1331,31.3837,46.7044
21.4404,37.8556,31.3919,46.7162
21.7227,37.3448,31.2533,47.3734
21.6226,37.3595,31.0928,47.306
21.5476,37.8204,30.7881,47.1096
21.5825,37.8153,31.5305,46.5765
22.405,37.5154,31.1579,47.1671
21.6809,37.1001,30.8177,47.6582
21.7873,37.7062,30.9043,47.3434
21.9942,37.6121,31.1356,47.3299
22.2171,37.5085,30.8844,47.4707
22.1721,37.4701,31.0082,46.7527
22.1033,38.2787,30.8979,47.7311
22.2606,37.8689,30.7599,46.657
22.3426,37.4338,30.9049,47.1663
22.0878,37.919,31.3923,47.0796
22.244,38.1234,31.192,47.797
21.8023,36.9807,31.2411,47.4307
21.353,37.4244,31.1844,46.5201
22.1195,37.4569,31.0097,47.123
22.4766,37.1174,31.2223,46.9722
22.9182,37.913,30.7776,47.0606
22.6875,37.381,31.7527,46.9471
23.0539,37.6662,31.2031,47.5339
22.6404,37.8409,31.4143,46.7821
22.7232,37.7131,31.01,47.0841
23.1646,37.5299,31.0652,47.3309
23.3165,37.632,31.0247,47.1956
23.5419,37.4581,31.626,47.5445
24.2094,37.8872,32.2906,47.4638
24.5914,37.2762,32.1978,47.3003
26.2083,37.4367,31.55,47.4362
28.7488,37.5795,31.528,47.6211
32.9995,37.7099,31.4914,47.4148
34.3471,38.3636,31.3629,47.7806
38.3426,37.512,31.3514,47.2429
40.0759,37.8438,30.8376,47.5993
40.4775,37.9401,31.9923,47.5294
41.3636,37.543,31.6581,47.5024
41.5391,37.5986,31.3747,46.8597
41.8618,38.2393,31.6353,47.2158
41.9436,37.7567,33.662,47.0561
42.3324,37.7947,32.1425,47.2133
43.0083,37.9358,31.7869,47.1607
42.8037,37.7123,32.6518,47.2469
42.6744,37.4177,32.7806,46.8467
42.4053,37.8974,32.5164,46.8152
42.7335,37.7498,32.3282,47.2289
43.8022,37.6253,33.2127,46.6435
43.1852,37.5912,32.8134,47.1985
43.5377,37.5583,32.572,47.1786
43.1182,37.8585,32.6976,47.4327
42.8508,38.2998,32.1738,47.4262
43.4861,37.8174,32.3649,47.5668
43.3825,37.8981,32.7616,48.0379
43.6923,38.0961,32.6657,47.8091
43.4674,37.9192,32.7371,47.1755
43.0159,37.8869,33.1284,46.9227
42.9603,37.4405,32.7391,47.8334
43.4766,37.8953,32.391,47.3194
42.7619,37.9459,32.9006,47.0078
43.1046,38.2601,33.1474,47.1849
43.0912,37.7404,33.0067,47.3305
42.8804,38.4201,33.2699,46.9505
43.4548,38.2433,32.9789,46.81
43.3609,37.8461,32.7425,47.4101
42.8702,38.3289,32.6986,47.2729
43.353,38.7569,33.1233,47.3215
43.6276,38.4809,33.0178,47.7631
43.4836,39.0055,32.6778,47.1694
43.2259,38.9459,32.8059,46.6594
43.7433,39.4576,32.8348,46.9405
43.4342,38.9553,32.8572,47.8261
43.5632,39.2338,33.011,47.3366
43.7501,38.9881,33.014,47.5776
43.9247,39.4991,33.5496,47.5301
43.3182,39.8556,33.7918,47.0393
43.4544,39.7867,33.878,46.9125
44.1571,39.298,33.7457,46.7135
43.9052,39.7483,34.3849,46.9885
43.4658,39.5672,34.8222,47.3369
43.3755,39.9972,34.7707,47.1165
43.4383,39.431,35.3282,46.9111
44.1919,39.1957,35.6854,46.6937
43.2307,39.4364,35.7325,47.1738
43.1118,40.2131,35.5576,47.0035
43.3494,39.2058,36.2912,46.6292
42.9688,39.6508,36.4106,46.8994
43.5446,39.7129,36.5847,46.9215
43.9808,39.8854,37.9979,47.237
43.8452,39.8717,38.8355,47.0165
43.3598,40.6754,39.1254,47.3247
43.6165,40.8223,40.0352,46.7743
43.6033,41.6111,39.8475,47.6594
42.8353,41.4534,40.3611,47.0656
43.4072,42.5811,41.1841,46.617
43.0183,42.867,41.3243,47.2704
44.0582,43.5839,41.9276,46.9278
43.5055,44.2624,42.4269,47.0736
43.5492,45.0249,42.2325,46.5601
43.0647,46.2811,42.3779,46.7037
43.1548,46.5901,42.701,47.1178
42.9572,47.5723,42.674,47.4459
42.6691,48.2633,42.7817,47.0562
43.1078,49.202,42.4194,46.8261
43.6287,49.4807,42.2228,47.0843
43.4585,50.703,42.2885,47.0965
42.9882,50.8087,41.9688,47.1137
42.8036,51.3206,42.6617,46.763
43.2735,52.2112,41.6632,46.537
43.2355,52.548,42.2995,47.0551
43.3201,53.055,41.8069,46.8545
43.7326,53.9456,41.742,46.297
43.8958,53.5908,41.3884,46.9007
42.9394,53.9071,41.1106,46.4357
44.0689,54.3854,41.3345,46.6757
42.8952,54.6242,41.4037,46.6044
43.3339,54.9675,41.3722,46.7291
42.8677,54.966,41.1143,46.8796
42.8846,55.3256,40.725,46.3538
43.3283,55.2629,40.6543,46.6866
43.4083,55.5307,41.0143,46.192
43.3588,55.3925,40.8194,46.8439
43.0401,55.7393,40.6404,46.5001
43.0029,55.6964,41.2235,46.5325
42.677,55.561,40.8744,45.9922
43.8635,56.2656,40.4794,45.8342
42.8995,55.3833,41.0482,46.2394
43.5038,55.664,40.3015,46.2074
43.2947,56.0781,40.3262,45.8007
43.178,56.0525,39.8809,46.4485
43.347,56.3855,39.6043,46.3221
43.3615,56.625,39.8125,46.5102
43.063,55.9545,39.8623,46.3197
43.2749,55.9986,40.1197,46.1238
43.0095,56.296,39.8463,46.6176
42.8981,56.5347,40.0766,46.1461
43.4765,56.1237,39.8401,46.2287
43.0776,56.2475,39.4883,46.2434
43.2683,56.0463,39.5848,46.4744
43.3142,55.8014,39.6728,46.2288
42.7042,56.1122,39.3465,46.4853
43.2254,56.0095,38.9338,46.3528
43.0848,55.7271,39.4629,45.9422
42.5567,55.8849,39.6259,46.8571
42.9536,56.0895,39.5619,45.87
42.9828,56.3774,39.1525,46.1361
42.1337,56.0957,39.0317,46.368
43.1006,55.8541,39.8316,45.6584
43.049,55.4923,39.0513,46.415
42.7642,56.15,39.4846,46.3601
42.6221,55.871,39.3971,46.1212
42.6079,56.0901,39.315,46.5454
,55.6797,39.4341,46.2825
,55.549,39.425,46.0989
,55.9337,38.6615,45.7779
,55.7343,39.1634,46.1688
,55.5505,38.653,46.1587
,55.811,38.9984,46.1851
,55.7371,39.1205,45.9951
,55.2493,38.9214,45.6745
,55.6407,38.1275,46.3267
,55.5867,38.4311,46.0141
,55.5192,38.9805,45.7972
,55.3621,38.9074,46.0708
,55.0969,38.2642,45.724
,55.0091,38.1596,45.9063
,54.8044,38.3574,46.3644
,55.6446,38.6538,46.0464
,55.2424,38.2409,45.8721
,55.0621,38.8093,46.1499
,54.945,38.7876,46.0036
,54.8422,38.9883,46.1385
,54.7302,38.4908,45.8228
,54.8332,38.3249,45.9292
,55.1288,38.1781,45.2355
,54.2622,38.7196,45.9704
,54.5152,38.6976,46.0055
,54.5242,38.3447,45.6061
,54.3059,38.3571,45.503
,54.6424,38.4781,45.5352
,54.6145,38.5787,46.0629
,54.4591,38.4185,45.8865
,54.0247,38.4975,45.6892
,54.2721,38.5631,45.2997
,54.6667,37.829,46.4866
,54.8007,38.279,45.66
,53.9454,38.2846,45.4843
,54.4813,37.5659,45.6522
,54.3457,37.8215,45.0734
,54.4284,37.4581,45.5996
,53.9307,37.6627,45.7968
,54.1095,37.3746,45.3294
,54.2425,37.6735,45.4874
,54.0949,37.6698,45.185
,54.292,37.4042,45.4148
,54.2055,37.2787,45.7111
,53.8016,37.6718,45.3793
,53.9571,37.1157,45.2884
,53.7564,37.2569,45.2769
,53.6454,37.3164,45.8723
,53.3907,36.7552,45.955
,54.6566,37.8682,45.9946
,53.56,37.2766,45.5992
,52.9421,37.2971,45.4634
,54.0534,36.7054,45.7207
,54.0083,37.2988,45.9826
,53.322,37.4289,45.3624
,53.5943,36.9566,45.6968
,53.7018,36.7375,45.4955
,53.1459,36.7863,45.1247
,53.334,36.7343,45.3333
,53.4399,36.1421,45.5068
,53.5705,36.3258,45.4579
,54.123,36.7871,44.8257
,53.391,36.9033,44.9612
,53.2634,36.6256,45.454
,53.6174,36.5882,45.1282
,53.2304,36.5352,44.8316
,52.951,36.3753,45.2218
,53.3405,36.4572,45.6274
,52.4447,36.565,45.6528
,53.4411,36.5885,45
,53.2329,36.4035,45.5279
,53.5092,36.5872,44.7374
,53.1625,36.7607,44.765
,53.3229,36.7407,44.6475
,53.3915,36.7649,45.1141
,53.4722,36.4447,44.6879
,53.6566,36.5737,44.5768
,53.7325,36.0877,44.6418
,53.2892,36.8539,45.3668
,52.6895,36.4097,45.3084
,53.3327,36.714,44.4194
,52.5485,36.7974,45.1836
,52.8221,36.7688,45.0143
,52.8206,35.9228,45.1236
,52.365,36.6304,44.9145
,52.5191,36.8267,44.8514
,52.9453,35.9417,44.9108
,52.4955,36.3097,44.9977
,52.623,35.895,44.8472
,52.6287,35.9199,44.1325
,52.6572,36.1842,44.9058
,52.9754,35.6282,44.8939
,52.6533,36.5554,44.5433
,52.785,35.7645,44.6393
,52.629,35.7067,45.1099
,52.3026,36.3083,44.8901
,52.313,35.3333,44.3129
,52.8747,35.2055,44.7226
,52.6707,35.5736,44.7331
,52.239,35.4583,44.2765
,51.7119,35.3378,44.7713
,52.1003,36.1525,44.3196
,52.4295,35.8685,44.6112
,52.6661,35.996,44.5506
,52.2878,35.7166,44.9061
,52.5232,35.2108,44.7229
,52.5287,35.2438,44.3823
,52.2549,35.2839,44.6122
,52.1136,35.5134,44.5953
,52.3308,35.5133,44.3249
,52.0406,35.5548,44.0828
,52.0119,35.0385,44.5316
,52.4672,35.4832,44.0762
,52.137,36.0981,44.5048
,51.8114,35.6391,44.2304
,52.1643,35.1746,44.4153
,51.796,35.5528,44.7056
,51.9825,35.4948,44.726
,51.9491,35.0203,44.864
,51.439,35.0809,44.2959
,51.7853,35.0849,44.5836
,51.5188,34.9842,44.6415
,51.2431,35.0924,44.4959
,51.6615,34.8297,44.7639
,51.1996,35.0757,44.157
,51.4882,35.0774,44.1906
,51.2902,34.7151,43.6669
,51.933,35.0345,44.343
,51.5789,35.3859,44.2837
,51.1182,35.1733,44.7448
,51.217,35.0703,44.2306
,51.3113,35.0837,44.5688
,50.9506,34.9366,44.6415
,51.4939,34.666,44.6662
,51.2713,34.9501,44.0694
,51.5545,34.9306,44.111
,51.4914,35.1019,44.485
,51.4753,34.4625,44.1809
,51.6922,35.0282,44.2969
,51.2158,35.3405,43.8007
,51.0438,34.8118,44.4312
,51.1981,35.2624,44.2067
,51.4853,35.2094,43.6374
,51.3033,35.2382,43.4521
,51.7398,34.7471,43.5465
,51.751,35.0345,43.9714
,51.2296,34.7218,43.5534
,50.9406,34.6305,43.7251
,51.0772,34.9521,43.4219
,50.9317,34.7383,43.7418
,50.0706,34.6424,43.7669
,50.7541,34.1358,43.989
,50.7046,34.4396,44.3133
,50.4397,34.8839,43.8985
,51.4054,34.7274,43.39
,50.238,34.4289,43.4369
,50.6932,34.8974,44.0819
,50.1563,34.1837,44.1004
,50.4229,34.7797,44.1816
,50.2072,34.1919,44.1697
,50.4462,34.8829,44.1667
,50.1739,34.8503,43.7811
,50.3485,34.9026,43.8152
,50.1863,34.4389,44.1965
,50.3505,34.0236,44.1831
,50.7979,34.4034,43.8156
,50.2338,34.469,43.742
,50.359,33.9266,43.938
,50.6388,34.695,44.5315
,50.109,34.5773,43.5591
,50.7399,34.6436,43.7174
,50.3283,34.0784,43.7314
,49.8474,33.7641,43.7526
,49.8145,34.2166,43.7344
,49.4352,34.466,43.0208
,49.4329,34.3759,44.0605
,49.5539,34.1146,43.6957
,49.9766,34.1742,44.665
,50.1022,33.6443,43.8278
,50.1208,33.6284,43.4589
,50.1862,33.8153,43.7408
,49.9952,34.1297,43.878
,49.9594,34.0924,43.8446
,50.9409,33.6628,43.7996
,49.9545,34.0644,43.7749
,50.0225,33.8713,43.6607
,49.7282,33.9754,44.0817
,50.0562,34.0796,43.6153
,49.4504,34.127,43.5391
,50.0277,34.1633,43.7558
,50.1575,34.2813,43.9667
,49.7955,34.2594,43.5733
,49.2842,33.6267,43.6273
,49.5608,34.1384,44.1971
,49.9321,33.9237,43.9457
,50.0266,33.8718,43.6909
,49.1611,33.8795,43.5937
,49.6047,33.6429,43.6095
,49.1637,33.4761,44.1315
,50.2006,33.7944,43.6839
,49.8119,33.7359,44.0762
,50.3201,34.3709,44.032
,49.6218,34.4758,43.4278
,49.5477,34.0647,43.2842
,49.5055,33.3261,43.2819
,49.8498,34.1876,43.3992
,49.6319,33.9501,43.6593
,49.2721,34.1898,43.4455
,49.3227,34.1726,43.7931
,49.2084,33.9397,43.9507
,49.6757,34.4647,43.6265
,49.5911,34.4511,43.3582
,49.5466,34.0945,43.5858
,49.324,33.6049,43.7118
,49.8563,34.5968,43.0067
,49.5293,33.5616,43.443
,49.2675,33.3323,43.7734
,49.9016,33.9297,43.3913
,49.0227,33.7295,43.6307
,49.6934,34.0731,43.6638
,49.3678,33.643,43.5772
,49.5316,33.8864,43.6914
,48.7954,33.5027,43.7466
,49.3342,33.7279,43.5663
,48.727,33.5135,43.6187
,49.3007,33.7468,43.2957
,49.0186,33.6947,43.353
,49.3458,33.7748,42.9456
,49.323,33.7809,43.724
,49.2735,33.8141,42.9618
,49.259,33.8346,44.1024
,48.7434,33.468,43.74
,48.5156,33.9184,43.3329
,49.3672,33.5206,43.145
,48.7972,33.6011,43.4288
,49.1441,33.5304,43.1714
,48.3643,33.1622,43.0041
,49.0135,34.0187,42.707
,48.553,33.955,43.6092
,49.0464,33.7978,42.5748
,48.8014,33.7143,42.8808
,48.758,34.0341,43.0143
,48.6118,33.345,43.0044
,48.4835,33.9939,42.9793
,48.567,33.3155,43.3825
,48.6564,33.6946,43.7026
,48.9856,33.9366,43.4015
,49.1373,33.3352,43.0526
,48.399,33.3539,43.2275
,48.4376,33.4351,42.8488
,48.9989,33.4546,43.4443
,48.4654,33.7054,43.121
,48.5997,33.7677,43.6146
,48.3789,33.8859,42.948
,48.6485,33.7772,42.9317
,48.4681,33.2446,42.5942
,48.0323,33.1191,42.7464
,48.4111,33.7784,42.9422
,48.0424,33.5211,42.7254
,48.666,33.9534,42.8973
,48.07,32.9808,42.922
,48.5869,33.6629,43.0567
,48.4392,33.216,42.6171
,48.3731,33.3335,42.3595
,47.8852,33.3465,42.86
,48.7033,33.2545,42.6354
,48.7108,33.0821,42.6925
,48.2359,33.168,42.8622
,48.679,33.6097,43.1226
,48.5338,33.4896,42.7377
,48.289,33.533,42.7747
,48.0926,33.7343,42.8294
,47.8989,33.5001,42.7007
,48.0901,33.2173,42.7319
,48.1106,33.0804,42.5838
,48.4342,33.46,42.551
,48.2164,33.0687,42.628
,48.6252,33.6384,42.3023
,48.102,33.2578,42.6963
,48.4638,33.117,42.5159
,48.0551,34.1032,41.8517
,48.6111,33.4834,42.0907
,48.6879,32.969,42.45
,49.0964,33.5853,42.6057
,48.4324,32.9753,42.403
,48.4867,33.5775,42.339
,48.6001,33.5171,42.0643
,48.5073,33.4602,42.2607
,48.05,32.9103,42.6551
,48.1465,32.4087,42.0983
,48.1475,33.0708,42.201
,47.8559,33.1085,42.3209
,48.1775,33.5251,42.6928
,48.0865,33.4077,43.0471
,48.1643,32.9367,42.2515
,48.051,32.9305,42.3791
,48.6798,33.1323,42.3642
,48.7031,33.2528,42.4208
,48.4164,33.4512,42.2518
,48.5552,33.2725,42.2892
,48.74,33.1743,42.0209
,48.4403,33.5407,42.3869
,48.3463,33.289,42.2874
,48.3651,32.9047,42.0127
,48.9365,33.1359,42.1587
,48.1937,33.1145,42.0466
,48.5658,33.1057,42.2349
,48.3688,33.0625,42.5477
,48.0849,33.4182,42.0968
,48.3196,33.497,42.2284
,48.0807,33.4831,42.1554
,48.1223,33.009,41.711
,47.4894,33.3951,41.7039
,48.4304,33.2461,41.9557
,48.2017,33.2558,41.6361
,47.882,33.2424,41.6233
,48.0108,33.3024,41.3312
,47.8541,32.9873,42.218
,47.9935,33.7472,42.0953
,48.0153,32.93,42.0073
,47.4632,33.9301,41.7881
,47.9846,33.6309,41.7733
,48.2442,33.1395,42.1325
,47.931,33.337,42.1587
,48.2636,32.7467,42.1501
,48.0835,32.943,41.7166
,47.924,33.4094,41.9228
,47.3422,33.732,41.9954
,48.2082,33.6338,42.2106
,48.0584,32.9969,41.7636
,47.961,33.3497,41.9543
,47.5875,33.1774,41.8104
,47.8536,33.5907,41.6312
,47.558,34.0304,41.6668
,47.9424,33.7087,41.8225
,47.852,33.0702,41.9105
,47.769,33.5908,41.8844
,47.6943,33.1829,42.0036
,47.8528,33.7331,42.2983
,47.361,33.3262,41.7409
,47.7301,32.8928,42.3089
,47.6925,32.9735,41.9107
,47.4404,32.7199,41.4516
,47.2,33.0105,41.5607
,47.3267,33.0195,41.3954
,48.1018,33.2189,41.8564
,47.6873,33.2561,41.4132
,47.2183,33.0237,41.298
,47.4338,33.0996,42.0344
,47.6841,33.2671,42.0128
,47.9708,33.2896,41.3726
,47.7494,33.4933,41.4167
,47.8309,33.0566,41.6158
,48.1594,32.9127,41.3417
,47.3976,33.3008,41.3648
,47.7426,33.2325,41.4589
,47.2935,32.7707,41.8535
,47.8403,33.0166,42.2039
,48.1826,33.3477,41.6202
,47.8195,32.9852,40.9244
,47.6987,32.0429,41.7664
,47.6745,32.9895,41.4497
,47.7497,32.6987,41.4638
,47.5896,33.1136,41.721
,47.9649,32.8139,41.6109
,47.1689,33.1269,
,47.5253,33.2282,
,47.3237,33.3256,
,47.3608,33.1142,
,47.6391,33.2811,
,47.8489,32.7142,
,47.4406,32.6977,
,47.0424,33.0504,
,47.7679,32.5892,
,47.318,32.6137,
,47.4815,32.6292,
,46.8919,32.6668,
,47.3707,32.8824,
,47.092,32.5673,
,47.1867,32.7893,
,47.4034,32.689,
,47.3307,32.31,
,47.305,32.4514,
,47.2064,32.5797,
,46.9742,32.7682,
,47.6577,32.7219,
,46.9295,32.9206,
,47.0809,32.9933,
,46.8901,32.2068,
,47.3135,32.1189,
,46.8514,32.6495,
,46.851,32.3379,
,47.1877,32.3495,
,46.6699,32.6091,
,47.465,32.4318,
,46.8895,32.4619,
,47.1038,32.2817,
,47.0173,32.3069,
,47.006,32,
,46.8271,32.2723,
,46.7346,32.2508,
,47.3504,32.0508,
,47.0792,31.6911,
,47.2594,32.6941,
,,32.319,
,,32.2976,
,,32.0703,
,,31.9644,
,,32.2961,
,,32.4363,
,,32.2404,
,,31.8955,
,,32.3671,
,,32.0034,
,,32.0122,
,,31.9982,
,,31.8667,
,,31.8083,
,,31.9966,
,,31.7063,
,,31.5713,
,,31.9084,
,,31.7617,
,,31.8885,
,,32.1312,
